{
    "System": {
        "item": "সামগ্ৰী",
        "product": "সামগ্ৰী",
        "price": "মূল্য",
        "cost": "খৰচ",
        "name": "নাম",
        "fruis": "ফল-মূল",
        "address": "ঠিকনা",
        "error": "আঁসোৱাহ",
        "selectYourLanguage": "আপোনাৰ ভাষা নিৰ্বাচন কৰক",
        "selectYourPreference": "আপোনাৰ পছন্দ নিৰ্বাচন কৰক",
        "vegetarian": "নিৰামিষভোজী",
        "nonVegetarian": "অ নিৰামিষভোজী",
        "getStarted": "আৰম্ভ কৰক",
        "selectYourCity": "আপোনাৰ চহৰ নিৰ্বাচন কৰক",
        "procced": "আগবাঢ়ক",
        "filters": "ফিল্টাৰসমূহ",
        "sortBy": "দ্বাৰা সজাওক",
        "veg": "veg",
        "ratings4+": "ৰেটিং 4+",
        "nearYou": "আপোনাৰ ওচৰত",
        "mobileNumber": "মোবাইল নম্বৰ",
        "otp": "অ'টিপি",
        "continue": "অব্যাহত ৰাখক",
        "call": "কল কৰা",
        "sms": "এছ এম এছ",
        "whatsApp": "হোৱাটছএপ",
        "orderAgain": "আকৌ অৰ্ডাৰ দিয়ক",
        "currentLocation": "বৰ্তমানৰ অৱস্থান",
        "usingGps": "জিপিএছ ব্যৱহাৰ কৰি",
        "frequentlyUsed": "সঘনাই কিনা",
        "other": "অন্যান্য",
        "work": "কাম",
        "home": "গৃহ",
        "recentSearch": "শেহতীয়া সন্ধান",
        "selectLocation": "অৱস্থান নিৰ্ব্বাচন কৰক",
        "change": "সলা",
        "confirmLocation": "অৱস্থান নিশ্চিত কৰক",
        "distanceLessThan": "দূৰত্ব কম",
        "km": "কে.এম",
        "moreThan": "তাতোকৈ",
        "all": "আটাইবোৰ",
        "delivery": "বিলি কৰা",
        "pickUp": "উঠাওক",
        "previousOrder": "পূৰ্বৰ ক্ৰম",
        "recommended": "পৰামৰ্শিত",
        "aboutSeller": "বিক্ৰেতাৰ বিষয়ে",
        "sellingItems": "বস্তু বিক্ৰী কৰা",
        "menu": "মেনু",
        "addToFavorites": "প্ৰিয়বোৰত যোগ কৰক",
        "share": "ভাগ-বতৰা কৰা",
        "shopInformation": "দোকানৰ তথ্য",
        "more": "অধিক",
        "fruits": "ফল-মূল",
        "vegetables": "শাক-পাচলি",
        "today": "আজি",
        "tomorrow": "কাইলৈ",
        "addQuantity": "পৰিমাণ যোগ কৰক",
        "pieces": "টুকুৰাসমূহ",
        "numberOfpieces": "টুকুৰাৰ সংখ্যা",
        "amount": "পৰিমাণ",
        "viewCart": "কাৰ্ট চাওক",
        "orderSummary": "অৰ্ডাৰৰ সাৰাংশ",
        "detailedBill": "বিশদ বিল",
        "cartTotal": "কাৰ্ট মুঠ",
        "discount": "ৰেহাই",
        "total": "মুঠ",
        "selfPickup": "self pickup",
        "totalPayable": "মুঠ প্ৰদানযোগ্য",
        "payAtPickup": "পিকআপত ধন দিব লাগে",
        "savedDetails": "সংৰক্ষণ কৰা বিৱৰণসমূহ",
        "debitAtmCard": "ডেবিট/এটিএম কাৰ্ড",
        "netBanking": "নেট বেংকিং",
        "addDebitCreditCard": "ডেবিট/ক্ৰেডিট কাৰ্ড যোগ কৰক",
        "walletsUpi": "ৱালেট আৰু ইউপিআই",
        "phonepe": "phonepe",
        "paytm": "পেটিএম",
        "otherUpi": "অন্যান্য",
        "paySecurely": "সুৰক্ষিতভাৱে পেমেণ্ট কৰক",
        "deliverAt": "ডেলিভাৰী এট",
        "noContact": "কোনো যোগাযোগ নাই",
        "scheduledDelivery": "নিৰ্ধাৰিত ডেলিভাৰী",
        "am": "AM",
        "pm": "পি এম",
        "hour": "ঘণ্টা",
        "freeDelivery": "বিনামূলীয়া ডেলিভাৰী",
        "enterCvv": "চিভিভি দিয়ক",
        "cardNumber": "কাৰ্ড নম্বৰ",
        "expiry": "মেয়াদ উকলি যোৱা",
        "nameOnCard": "কাৰ্ডত নাম।",
        "saveCardDetails": "কাৰ্ডৰ বিৱৰণ সংৰক্ষণ কৰক",
        "icici": "আইচিচি",
        "sbi": "sbi",
        "hdfc": "hdfc",
        "moreBanks": "অধিক বেংক",
        "orderConfirmed": "oder নিশ্চিত কৰা হৈছে",
        "orderNumber": "অৰ্ডাৰ নম্বৰ",
        "payment": "পৰিশোধ",
        "dateOfOrder": "অৰ্ডাৰৰ তাৰিখ",
        "help": "সহায়",
        "trackOrder": "অৰ্ডাৰ অনুসৰণ কৰক",
        "activeOrder": "সক্ৰিয় ক্ৰম",
        "view": "দৰ্শন",
        "chat": "চাট",
        "orderDetails": "অৰ্ডাৰৰ বিৱৰণ",
        "cancel": "বাতিল কৰক",
        "support": "সমৰ্থন",
        "orderTotal": "অৰ্ডাৰ মুঠ",
        "orderPlaced": "অৰ্ডাৰ দিয়া হৈছে",
        "orederAccepted": "অৰ্ডাৰ গ্ৰহণ কৰা হৈছে",
        "processing": "প্ৰক্ৰিয়াকৰণ",
        "ready": "সাজু",
        "dispatched": "প্ৰেৰণ কৰা হৈছে",
        "contactSeller": "বিক্ৰেতাৰ সৈতে যোগাযোগ কৰক",
        "viewOrderSummary": "অৰ্ডাৰৰ সাৰাংশ চাওক",
        "addInstructions": "নিৰ্দেশনা যোগ কৰক",
        "myAccount": "মোৰ একাউণ্ট",
        "favorite": "প্ৰিয়",
        "settings": "ছেটিংছ",
        "myAddress": "মোৰ ঠিকনা",
        "myFamily": "মোৰ পৰিয়াল",
        "refer": "উল্লেখ",
        "individual": "ব্যক্তিকেন্দ্ৰিক",
        "busness": "ব্যৱসায়",
        "postOrder": "পোষ্ট অৰ্ডাৰ",
        "logout": "লগআউট",
        "contactNumber": "যোগাযোগ নম্বৰ",
        "relation": "সম্পৰ্ক",
        "getOtp": "OTP লাভ কৰক",
        "enterOtp": "OTP সুমুৱাওক",
        "mail": "মেইল",
        "facebook": "ফেচবুক",
        "email": "ইমেইল",
        "contact": "যোগাযোগ কৰক",
        "update": "নবীকৰণ",
        "items": "সামগ্ৰী",
        "shops": "দোকানসমূহ",
        "allowLocation": "অৱস্থানৰ অনুমতি দিয়ক",
        "allowNotification": "অধিসূচনাৰ অনুমতি দিয়ক",
        "homeWork": "ঘৰত কৰা কাম",
        "addNewAddress": "নতুন ঠিকনা যোগ কৰক",
        "landMark": "লেণ্ড মাৰ্ক",
        "saveAndProceed": "সংৰক্ষণ কৰক আৰু আগবাঢ়ি যাওক",
        "termsAndConditions": "চৰ্ত আৰু নিয়মসমূহ",
        "faqs": "FAQs",
        "privacyPolicy": "গোপনীয়তা নীতি",
        "contactUs": "আমাৰ সৈতে যোগাযোগ কৰক",
        "customerCare": "গ্ৰাহক সেৱা",
        "customerCareNumber": "গ্ৰাহক সেৱা নম্বৰ",
        "yes": "হয়",
        "no": "নহয়",
        "validateAgain": "পুনৰ বৈধ কৰক",
        "employee": "কৰ্মচাৰী",
        "onboard": "অনবোৰ্ড",
        "selfOnBoard": "self on board",
        "onboardByBuisness": "onboard by buisness",
        "retailer": "খুচুৰা বিক্ৰেতা",
        "middleMan": "মধ্যমীয়া মানুহ",
        "former": "পূৰ্বৰ",
        "phoneNumber": "ফোন নম্বৰ",
        "houseNo": "ঘৰ নং",
        "building": "ভৱন",
        "street": "ৰাষ্টা",
        "landmark": "লেণ্ডমাৰ্ক",
        "state": "ৰাজ্য",
        "city": "চহৰ",
        "pincode": "পিনকোড",
        "location": "অৱস্থান",
        "submit": "দাখিল কৰক",
        "editAddress": "ঠিকনা সম্পাদনা কৰক",
        "addMember": "সদস্য যোগ কৰক",
        "deliveryWithin": "ডেলিভাৰী ভিতৰত",
        "notification": "অধিসূচনা",
        "voice": "কণ্ঠ",
        "fruitsShop": "ফলৰ দোকান",
        "delivering": "ডেলিভাৰী কৰা",
        "notDelivering": "ডেলিভাৰী কৰা নাই",
        "sellerProfile": "বিক্ৰেতাৰ প্ৰফাইল",
        "fabulous": "অবিশ্বাস্য",
        "customerRated": "গ্ৰাহকৰ ৰেটিং",
        "searchLocation": "স্থান সন্ধান কৰক",
        "shopByCategories": "শ্ৰেণী অনুসৰি বজাৰ কৰক",
        "next": "এটাৰ পাচৰ",
        "shopInfo": "দোকানৰ তথ্য",
        "vegatables": "শাক-পাচলি",
        "localGarden": "স্থানীয় বাগিচা",
        "confirm": "নিশ্চিত",
        "cancelOrder": "অৰ্ডাৰ বাতিল কৰক",
        "reffer": "ৰেফাৰ কৰক",
        "business": "ব্যৱসায়",
        "pastOrders": "অতীতৰ অৰ্ডাৰসমূহ",
        "viewMoreOrders": "অধিক অৰ্ডাৰ চাওক",
        "logOut": "লগ আউট",
        "add": "যোগ কৰা",
        "verify": "সত্যাপন কৰা",
        "refferBy": "দ্বাৰা ৰেফাৰ কৰক",
        "whatsapp": "হোৱাটচ এপ কৰক",
        "message": "বাৰ্তা",
        "editProfile": "প্ৰফাইল সম্পাদনা কৰক",
        "favoruites": "প্ৰিয়সমূহ",
        "savedAddress": "সংৰক্ষিত ঠিকনা",
        "privacyPolicies": "গোপনীয়তা নীতিসমূহ",
        "byClicking": "ক্লিক কৰি",
        "iAccept": "মই মানি লওঁ",
        "theTerms": "চৰ্তসমূহ",
        "conditionsAnd": "চৰ্ত আৰু",
        "priavacyPolicy": "গোপনীয়তা নীতি।",
        "didn'tReceive": "লাভ কৰা নাছিল৷",
        "verifyVia": "যোগে পৰীক্ষা কৰক",
        "pickupWithin": "ভিতৰত পিকআপ কৰক",
        "addDebit": "ডেবিট যোগ কৰক",
        "creditCard": "ক্ৰেডিট কাৰ্ড",
        "yourOrder": "আপোনাৰ অৰ্ডাৰ",
        "willBe": "হব",
        "deliver": "বিলি কৰা",
        "pickupNoShow": "পিকআপ ন' শ্ব'",
        "house": "ঘৰ",
        "flat": "চেপেটা",
        "block": "অৱৰুদ্ধ কৰা",
        "blockNumber": "ব্লক নম্বৰ",
        "appartment": "এপাৰ্টমেণ্ট",
        "road": "পথ",
        "area": "এলাকা",
        "saveThis": "এইটো সংৰক্ষণ কৰক",
        "addressAs": "ঠিকনা হিচাপে",
        "areYou": "তুমি নে",
        "sureYou": "নিশ্চিতভাৱে আপুনি",
        "wantTo": "বিচাৰোঁ",
        "smsSent": "sms প্ৰেৰণ কৰা হৈছে",
        "successfullty": "সফলতাৰে",
        "anOtp": "এটা অ’টিপি",
        "hasBeen": "হৈছে",
        "sentAt": "পঠিওৱা হৈছে",
        "yourRegistered": "আপোনাৰ পঞ্জীয়নভুক্ত",
        "otpRetry": "otp পুনৰ চেষ্টা কৰক",
        "in00.30Secs": "০০.৩০ ছেকেণ্ডত",
        "": "",
        "welcome": "স্বাগতম",
        "toSarvmai": "SarVM.ai লৈ",
        "enterMobileNumber": "মোবাইল নম্বৰ দিয়ক",
        "verificationCode": "পৰীক্ষণ ক'ড",
        "resendOtp": "OTP পুনৰ প্ৰেৰণ কৰক",
        "shopAddress": "দোকানৰ ঠিকনা",
        "searchYourAddress": "আপোনাৰ ঠিকনা সন্ধান কৰক",
        "enterDetails": "বিৱৰণ দিয়ক",
        "businessName": "ব্যৱসায়িক নাম",
        "shopNo": "দোকান নং.",
        "building/Locality": "বিল্ডিং/স্থানীয়তা",
        "saveAndContinue": "সংৰক্ষণ কৰক আৰু অব্যাহত ৰাখক",
        "specifyWorkingTime": "কাৰ্য্য সময় ধাৰ্য্য কৰক",
        "sameForEveryDay": "প্ৰতিদিনৰ বাবে একেই",
        "skip": "বাদ দিয়া",
        "save&Continue": "সংৰক্ষণ কৰক আৰু অব্যাহত ৰাখক",
        "startTime": "আৰম্ভণিৰ সময়",
        "endTime": "শেষ সময়",
        "done": "কৰা হ’ল",
        "Kyc": "কেৱাইচি",
        "father'sName": "পিতৃৰ নাম",
        "dob": "DOB",
        "uploadProofIdentity": "প্ৰমাণ পৰিচয় আপলোড কৰক",
        "adharCard": "আধাৰ কাৰ্ড",
        "idCardNo.": "আইডি কাৰ্ড নং.",
        "uploadPanCard": "PAN কাৰ্ড আপলোড কৰক",
        "panCardNo": "পান কাৰ্ড নং.",
        "uploadFileForm": "ৰ পৰা ফাইল আপল'ড কৰক",
        "bankDetails": "বেংকৰ বিৱৰণ",
        "BeneficiaryName": "হিতাধিকাৰীৰ নাম",
        "bankName": "বেংকৰ নাম",
        "accountNo": "একাউণ্ট নং.",
        "ifsc": "আই এফ এছ চি",
        "uploadPassbookPhoto": "পাছবুকৰ ফটো আপলোড কৰক",
        "pendingOrders": "পেণ্ডিং অৰ্ডাৰ",
        "details": "সবিশেষ",
        "inventory": "বস্তুৰ তালিকা",
        "management": "ব্যৱস্থাপনা",
        "order": "ক্ৰম",
        "expenses": "খৰচ",
        "crm": "চি আৰ এম",
        "customer": "গ্ৰাহক",
        "service": "সেৱা",
        "b2bBuy": "B2B কিনিব",
        "promote": "প্ৰচাৰ কৰা",
        "user": "ব্যৱহাৰকাৰী",
        "P&L": "পি এণ্ড এল",
        "subscription": "চাবস্ক্ৰিপচন",
        "catalog": "কেটেলগ",
        "usermanagement": "ব্যৱহাৰকাৰী ব্যৱস্থাপনা",
        "search": "সন্ধান",
        "addUser": "ব্যৱহাৰকাৰী যোগ কৰক",
        "reset": "ৰিছেট কৰক",
        "personal": "ব্যক্তিগত",
        "identity": "পৰিচয়",
        "emergencyContact": "জৰুৰীকালীন যোগাযোগ",
        "employeeId": "কৰ্মচাৰীৰ আইডি",
        "fullName": "সম্পূৰ্ণ নাম",
        "assignRoles": "ভূমিকা নিযুক্তি দিয়ক",
        "emailAddress*": "ইমেইল",
        "mobileNumber*": "মোবাইল নম্বৰ *",
        "education": "শিক্ষা",
        "AddressLine": "ঠিকনা শাৰী",
        "userManagement": "ব্যৱহাৰকাৰী ব্যৱস্থাপনা",
        "roles": "ভূমিকাসমূহ",
        "dateOfJoining*": "যোগদানৰ তাৰিখ *",
        "uploadAdhaarCard": "আধাৰ কাৰ্ড আপলোড কৰক",
        "clear": "পৰিষ্কাৰ",
        "profilePhoto": "প্ৰফাইল ফটো",
        "basicSalaryPerMonth": "প্ৰতিমাহে মূল দৰমহা",
        "previous": "পূৰ্ৱবৰ্তী",
        "EmergencyContactNumber*": "জৰুৰীকালীন যোগাযোগ নম্বৰ *",
        "contactName*": "যোগাযোগৰ নাম *",
        "relationship": "সম্পৰ্ক",
        "userCreatedSuccessfully": "ব্যৱহাৰকাৰী সফলভাৱে সৃষ্টি কৰা হৈছে",
        "yay!": "YAY!",
        "doj": "যোগদানৰ তাৰিখ",
        "inventoryManager,..": "ইনভেন্টৰী মেনেজাৰ,...",
        "empId": "Emp আইডি",
        "activate": "সক্ৰিয় কৰক",
        "deactivate": "নিষ্ক্ৰিয় কৰক",
        "phone": "ফোন",
        "deletedSuccessfully!": "সফলভাৱে মচি পেলোৱা হৈছে!",
        "voterId": "ভোটাৰ আইডি",
        "drivingLicense": "ড্ৰাইভিং লাইচেন্স",
        "updateChanges": "পৰিবৰ্তনসমূহ আপডেট কৰক",
        "deactiveToDelete": "মচি পেলাবলৈ নিষ্ক্ৰিয়",
        "groceries": "গেলামালৰ সামগ্ৰী",
        "fishes": "মাছ",
        "meat": "মাংস",
        "dairy": "দুগ্ধজাত",
        "tropicalFruits": "ট্ৰপিকেল ফ্ৰুটছ",
        "drupe": "ড্ৰুপ",
        "pome": "পোমে",
        "berry": "বেৰী",
        "others": "আন কিছুমান",
        "bakery": "বেকাৰী",
        "flowers": "ফুল",
        "nuts": "বাদাম",
        "legume": "মাহজাতীয় শস্য",
        "capsules": "কেপচুল",
        "updateExisting": "বিদ্যমান আপডেট কৰক",
        "showAll": "সকলো দেখুৱাওক",
        "to": "লৈ",
        "tropical": "গ্রীষ্মমণ্ডলীয়",
        "dragonFruit": "ড্ৰেগন ফল",
        "select": "চয়ন কৰা",
        "fruit": "ফল",
        "passionFruit": "পেচন ফ্ৰুট",
        "rambutan": "ৰামবুটান",
        "acail": "আকাই",
        "jackFruit": "জেক ফ্ৰুট",
        "mangosteen": "আমলখি",
        "lychee": "লিচি",
        "productDetails": "পণ্যৰ বিৱৰণ",
        "general": "সাধাৰণ",
        "sellingOption": "বিক্ৰীৰ বিকল্প",
        "returnOption": "বিকল্প ঘূৰাই দিয়ক",
        "soldBy": "Sold By",
        "kilogram": "কিলোগ্ৰাম",
        "liter": "লিটাৰ",
        "placeOfOrigin": "উৎপত্তিস্থল",
        "AboutProduct": "পণ্যৰ বিষয়ে",
        "grading": "গ্ৰেডিং",
        "quantity": "পৰিমাণ",
        "returnWithin": "ভিতৰলৈ উভতি যাওক",
        "noReturn": "ন' ৰিটাৰ্ণ",
        "sameDay": "একেদিনাই",
        "nextDay": "পৰৱৰ্তী দিন",
        "costPrice": "খৰচ মূল্য",
        "Hrs": "ঘন্টা",
        "sku": "SKU",
        "maxQtyPerOrder": "সৰ্বোচ্চ। প্ৰতি অৰ্ডাৰত qty",
        "stockStatus": "ষ্টক অৱস্থা",
        "regularPrice": "নিয়মীয়া মূল্য",
        "inStock": "ভঁৰালত",
        "outOfStock": "ষ্টকৰ বাহিৰত",
        "discountPrice": "ৰেহাই মূল্য",
        "days": "দিনবোৰ",
        "hours": "ঘণ্টা",
        "saveProduct": "পণ্য সংৰক্ষণ কৰক",
        "productAddedSuccessfully": "পণ্য সফলভাৱে যোগ কৰা হৈছে",
        "addPhoto": "ফটো যোগ কৰক",
        "productListedSuccessfully": "পণ্য সফলভাৱে তালিকাভুক্ত কৰা হৈছে",
        "pendingDetails": "বাকী থকা বিৱৰণ",
        "listed": "তালিকাভুক্ত কৰা হৈছে",
        "unlisted": "তালিকাভুক্ত নোহোৱা",
        "tropicalFruit(7)": "গ্রীষ্মমণ্ডলীয় ফল (7)",
        "viewALl": "সকলো চাওক",
        "addDetail": "বিৱৰণ যোগ কৰক",
        "unlist": "আনলিষ্ট কৰক",
        "drupeFruit(10)": "ড্ৰুপ ফল (10)",
        "aboutProduct": "পণ্যৰ বিষয়ে",
        "costprice": "খৰচ মূল্য",
        "mini.PricePerOrder": "মিনি। মূল্য",
        "customerPickup": "গ্ৰাহকৰ পিকআপ",
        "ownDelivery": "নিজৰ ডেলিভাৰী",
        "thirdParty": "তৃতীয় পক্ষ",
        "processignTime": "প্ৰচেছিং সময়",
        "Mins": "মিনিট",
        "pickupSlots": "পিকআপ স্লট",
        "delete": "বিলোপ",
        "save": "সঞ্চয় কৰা",
        "deliverySlots": "ডেলিভাৰী স্লট",
        "deliveryOptions": "ডেলিভাৰী বিকল্পসমূহ",
        "distanceCovers": "দূৰত্ব কভাৰ কৰে",
        "Km": "কিলোমিটাৰ",
        "deliveryCharge": "ডেলিভাৰী চাৰ্জ",
        "onOrdersMore": "on অৰ্ডাৰ অধিক",
        "than": "than",
        "enableFreeShipping": "বিনামূলীয়া শিপিং সক্ষম কৰক",
        "capacity": "ক্ষমতা",
        "deliveryPartner": "ডেলিভাৰী পাৰ্টনাৰ",
        "finalThoughts": "চূড়ান্ত চিন্তাধাৰা",
        "enterMobile": "মোবাইল নম্বৰ দিয়ক",
        "numberFor": "নম্বৰৰ বাবে",
        "otpVerification": "OTP পৰীক্ষণ",
        "terms&Conditions": "চৰ্তাৱলী",
        "andPrivacyPolicy": "আৰু গোপনীয়তা নীতি",
        "pleaseEnterThe": "অনুগ্ৰহ কৰি প্ৰৱেশ কৰক",
        "sentFor": "প্ৰেৰণ কৰা হৈছে",
        "theOtp": "OTP ৰ দ্বাৰা",
        "yourShop": "আপোনাৰ দোকান",
        "workingHours": "কৰ্মৰ সময়",
        "nameAsPer": "নাম অনুসৰি",
        "PanCard": "PAN কাৰ্ড",
        "re-enter": "পুনৰ প্ৰৱেশ কৰক",
        "accountNo.": "একাউণ্ট নং.",
        "areYouSure": "আপুনি নিশ্চিত নেকি।",
        "doYouWant": "বিচাৰে নেকি",
        "toDelete?": "মচি পেলাবলৈ?",
        "youCannotDelete": "আপুনি মচি পেলাব নোৱাৰে",
        "activeUser!": "সক্ৰিয় ব্যৱহাৰকাৰী!",
        "selectCategory": "শ্ৰেণী নিৰ্ব্বাচন কৰক",
        "toAddProduct": "প্ৰডাক্ট যোগ কৰিবলৈ",
        "mini.qty": "MIni. qty",
        "perOrder": "প্ৰতি অৰ্ডাৰত",
        "yourUnsaved": "আপোনাৰ অসংৰক্ষিত",
        "detailsWill": "বিৱৰণ দিব",
        "beLost": "হেৰাই যাব।",
        "saveChanges": "পৰিবৰ্তনসমূহ সংৰক্ষণ কৰক",
        "beforeClosing": "বন্ধ কৰাৰ আগতে",
        "wouldYouLike": "আপুনি বিচাৰিবনে",
        "toMoveTo": "to move to",
        "listedItem": "তালিকাভুক্ত বস্তু",
        "max.qty": "সৰ্বোচ্চ। qty",
        "rambutanIs": "ৰামবুটান হৈছে",
        "movedTo": "লৈ স্থানান্তৰিত হৈছে",
        "BPLID": "বিপিএল আইডি",
        "pickupAnd": "পিকআপ আৰু",
        "imSelling": "মই বিক্ৰী কৰি আছো",
        "searchBy": "দ্বাৰা সন্ধান কৰক",
        "fruitsCategory": "ফল শ্রেণী",
        "selectFruits": "ফল নিৰ্বাচন কৰক",
        "drupeFruit": "ড্ৰুপ ফল",
        "pomeFruit": "পম ফল",
        "saveContinue": "সংৰক্ষণ কৰক&অবিৰত কৰক",
        "miniQty": "Mini.qty",
        "maxQty": "সৰ্বোচ্চ qty",
        "miniPrice": "মিনি মূল্য",
        "producAdded": "প্ৰডাক্ট যোগ কৰা হৈছে",
        "successfullyYay": "সফলতাৰে YAY",
        "wouldYou": "আপুনি কৰিবনে",
        "likeTo": "ভাল লাগে",
        "moveTo": "লৈ যাওক",
        "ListedItem": "তালিকাভুক্ত বস্তু",
        "areYouDelivering": "আপুনি ডেলিভাৰী কৰি আছেনে",
        "procesingTime": "প্ৰচেছিং সময়",
        "onOrder": "on Order",
        "enableFree": "মুক্ত সামৰ্থবান কৰক",
        "shipping": "পঠিওৱা",
        "availOur": "আমাৰ লাভ কৰক",
        "deliveryService": "ডেলিভাৰী সেৱা",
        "DelieveryPartner": "ডেলিভাৰী পাৰ্টনাৰ",
        "ChooseYourLanguage": "",
        "SearchLanguage": "",
        "EntermobilenumberforOTP verification": "",
        "Pleaseentetheverificationcodesentfor": "",
        "Selectyourlanguagehere": "",
        "Addressdetail": "",
        "PanProof": "",
        "FixedRetailershop": "",
        "MobileRetailershop": "",
        "Iown": "",
        "Membershipplan": "",
        "PerMonth": "",
        "Basic": "",
        "Onlineshopspace": "",
        "Sell/purchase": "",
        "Creditmanagement": "",
        "Owndelivery": "",
        "Onlinepayment": "",
        "Catalougepayment": "",
        "PerOrderManagement": "",
        "Managecustomers": "",
        "BuyNow": "",
        "Skip": "",
        "Close": "",
        "Open": "",
        "ReferandEarn": "",
        "Shoppicture": "",
        "Edit": "",
        "Mywallet": "",
        "MyRewards": "",
        "Invitepeoplefromyournetworkandlearncashrewards": "",
        "Getcashrewardsupto": "",
        "Invite": "",
        "ReferralStatus": "",
        "TotalReferal": "",
        "Acknowledge": "",
        "Signup": "",
        "Order": "",
        "ProfileComplete": "",
        "Referred": "",
        "invite": "",
        "Indiidual": "",
        "Deliveryvalet": "",
        "Wholeseller": "",
        "Farmer": "",
        "Trader/Broker": "",
        "Deliverypartner": "",
        "InviteeMobileNumber": "",
        "ReferralSMSsendsucessfully": "",
        "RequestingReferretoGiveaMissCallon": "",
        "TotalRewardsEarn": "",
        "MyReferrals": "",
        "IncreaseEarningBy": "",
        "IncreaseReferralEarningonEachsucessfuinvite": "",
        "Youcanwin": "",
        "YouWon": "",
        "ByReferring": "",
        "Completed": "",
        "Incompleted": "",
        "Referralstatus": "",
        "Orderd": "",
        "First order": "",
        "ProfileCompleted": "",
        "Reminder": ""
    }
}