{
    "System": {
        "item": "পণ্য",
        "product": "পণ্য",
        "price": "দাম",
        "cost": "ব্যয়",
        "name": "নাম",
        "fruis": "ফল",
        "address": "ঠিকানা",
        "error": "ত্রুটি",
        "selectYourLanguage": "আপনার ভাষা নির্বাচন করুন",
        "selectYourPreference": "আপনার পছন্দ নির্বাচন করুন",
        "vegetarian": "নিরামিষ",
        "nonVegetarian": "মাংসাশি",
        "getStarted": "এবার শুরু করা যাক",
        "selectYourCity": "আপনার শহর নির্বাচন করুন",
        "procced": "অগ্রসর",
        "filters": "ফিল্টার",
        "sortBy": "ক্রমানুসার",
        "veg": "নিরামিষ",
        "ratings4+": "রেটিং 4+",
        "nearYou": "আপনার কাছাকাছি",
        "mobileNumber": "মোবাইল নম্বর",
        "otp": "ওটিপি",
        "continue": "চালিয়ে যান",
        "call": "কল",
        "sms": "খুদেবার্তা",
        "whatsApp": "হোয়াটসঅ্যাপ",
        "orderAgain": "আবার অর্ডার",
        "currentLocation": "এখন যেখানে আছ",
        "usingGps": "জিপিএস ব্যবহার করে",
        "frequentlyUsed": "প্রায়শই কেনা",
        "other": "অন্য",
        "work": "কাজ",
        "home": "বাড়ি",
        "recentSearch": "সাম্প্রতিক অনুসন্ধান",
        "selectLocation": "স্থান নির্বাচন করুন",
        "change": "পরিবর্তন",
        "confirmLocation": "অবস্থান নিশ্চিত করুন",
        "distanceLessThan": "দূরত্বের চেয়ে কম",
        "km": "কিমি",
        "moreThan": "অধিক",
        "all": "সব",
        "delivery": "বিতরণ",
        "pickUp": "পিকআপ",
        "previousOrder": "পূর্ববর্তী আদেশ",
        "recommended": "প্রস্তাবিত",
        "aboutSeller": "বিক্রেতা সম্পর্কে",
        "sellingItems": "আইটেম বিক্রি",
        "menu": "তালিকা",
        "addToFavorites": "ফেভারিটে যোগ করুন",
        "share": "শেয়ার",
        "shopInformation": "শপ তথ্য",
        "more": "আরও",
        "fruits": "ফল",
        "vegetables": "শাকসবজি",
        "today": "আজ",
        "tomorrow": "আগামীকাল",
        "addQuantity": "পরিমাণ যোগ করুন",
        "pieces": "টুকরা",
        "numberOfpieces": "টুকরা সংখ্যা",
        "amount": "পরিমাণ",
        "viewCart": "কার্ট দেখুন",
        "orderSummary": "অর্ডার সংক্ষিপ্তসার",
        "detailedBill": "বিস্তারিত বিল",
        "cartTotal": "কার্ট মোট",
        "discount": "ছাড়",
        "total": "মোট",
        "selfPickup": "স্ব পিকআপ",
        "totalPayable": "মোট প্রদেয়",
        "payAtPickup": "পিকআপে অর্থ প্রদান করুন",
        "savedDetails": "সংরক্ষণ বিশদ",
        "debitAtmCard": "ডেবিট/এটিএম কার্ড",
        "netBanking": "নেট ব্যাংকিং",
        "addDebitCreditCard": "ডেবিট/ক্রেডিট কার্ড যুক্ত করুন",
        "walletsUpi": "ওয়ালেট এবং আপি",
        "phonepe": "ফোনপ",
        "paytm": "পেটিএম",
        "otherUpi": "অন্য",
        "paySecurely": "নিরাপদে অর্থ প্রদান করুন",
        "deliverAt": "বিতরণ",
        "noContact": "কোনো যোগাযোগ নেই",
        "scheduledDelivery": "নির্ধারিত ডেলিভারি",
        "am": "আমি",
        "pm": "প্রধানমন্ত্রী",
        "hour": "ঘন্টা",
        "freeDelivery": "বিনামূল্যে বিতরণ",
        "enterCvv": "সিভিভি লিখুন",
        "cardNumber": "কার্ড নম্বর",
        "expiry": "মেয়াদোত্তীর্ণ",
        "nameOnCard": "কার্ডের ওপর নাম.",
        "saveCardDetails": "কার্ডের বিশদ সংরক্ষণ করুন",
        "icici": "আইসিআইসিআই",
        "sbi": "এসবিআই",
        "hdfc": "এইচডিএফসি",
        "moreBanks": "আরও ব্যাংক",
        "orderConfirmed": "আদেশ সমর্থন করা হলো",
        "orderNumber": "অর্ডার নম্বর",
        "payment": "অর্থ প্রদান",
        "dateOfOrder": "আদেশের তারিখ",
        "help": "সাহায্য",
        "trackOrder": "ট্র্যাক আদেশ",
        "activeOrder": "সক্রিয় আদেশ",
        "view": "দেখুন",
        "chat": "চ্যাট",
        "orderDetails": "আদেশ বিবরণী",
        "cancel": "বাতিল",
        "support": "সমর্থন",
        "orderTotal": "আদেশ মোট",
        "orderPlaced": "আদেশ স্থাপন",
        "orederAccepted": "অর্ডার গৃহীত",
        "processing": "প্রক্রিয়াজাতকরণ",
        "ready": "প্রস্তুত",
        "dispatched": "প্রেরণ",
        "contactSeller": "বিক্রেতার সাথে যোগাযোগ করুন",
        "viewOrderSummary": "অর্ডার সংক্ষিপ্তসার দেখুন",
        "addInstructions": "নির্দেশাবলী যুক্ত করুন",
        "myAccount": "আমার অ্যাকাউন্ট",
        "favorite": "প্রিয়",
        "settings": "সেটিংস",
        "myAddress": "আমার ঠিকানা",
        "myFamily": "আমার পরিবার",
        "refer": "উল্লেখ করুন",
        "individual": "স্বতন্ত্র",
        "busness": "ব্যবসা",
        "postOrder": "পোস্ট অর্ডার",
        "logout": "প্রস্থান",
        "contactNumber": "যোগাযোগের নম্বর",
        "relation": "সম্পর্ক",
        "getOtp": "ওটিপি পান",
        "enterOtp": "ওটিপি প্রবেশ করান",
        "mail": "মেল",
        "facebook": "ফেসবুক",
        "email": "ইমেল",
        "contact": "যোগাযোগ",
        "update": "হালনাগাদ",
        "items": "আইটেম",
        "shops": "দোকান",
        "allowLocation": "অবস্থান অনুমতি দিন",
        "allowNotification": "বিজ্ঞপ্তি অনুমতি দিন",
        "homeWork": "বাড়ির কাজ",
        "addNewAddress": "নতুন ঠিকানা যোগ করুন",
        "landMark": "জমি চিহ্ন",
        "saveAndProceed": "সংরক্ষণ এবং এগিয়ে যান",
        "termsAndConditions": "শর্তাবলী",
        "faqs": "FAQS",
        "privacyPolicy": "গোপনীয়তা নীতি",
        "contactUs": "যোগাযোগ করুন",
        "customerCare": "গ্রাহক সেবা",
        "customerCareNumber": "গ্রাহক যত্ন নম্বর",
        "yes": "হ্যাঁ",
        "no": "না",
        "validateAgain": "আবার বৈধতা",
        "employee": "কর্মচারী",
        "onboard": "বোর্ডে",
        "selfOnBoard": "অনবোর্ড স্ব",
        "onboardByBuisness": "ব্যবসায়ের দ্বারা জাহাজে",
        "retailer": "খুচরা বিক্রেতা",
        "middleMan": "মধ্যস্থতাকারী",
        "former": "কৃষক",
        "phoneNumber": "ফোন নম্বর",
        "houseNo": "বাসা নং",
        "building": "বিল্ডিং",
        "street": "রাস্তা",
        "landmark": "ল্যান্ডমার্ক",
        "state": "অবস্থা",
        "city": "শহর",
        "pincode": "পিনকোড",
        "location": "অবস্থান",
        "submit": "জমা দিন",
        "editAddress": "ঠিকানা সম্পাদনা",
        "addMember": "সদস্য যুক্ত করুন",
        "deliveryWithin": "মধ্যে বিতরণ",
        "notification": "বিজ্ঞপ্তি",
        "voice": "ভয়েস",
        "fruitsShop": "ফলের দোকান",
        "delivering": "বিতরণ",
        "notDelivering": "বিতরণ না",
        "sellerProfile": "বিক্রেতা প্রোফাইল",
        "fabulous": "কল্পিত",
        "customerRated": "গ্রাহক রেট",
        "searchLocation": "অবস্থান অনুসন্ধান",
        "shopByCategories": "বিভাগ দ্বারা কেনাকাটা",
        "next": "পরবর্তী",
        "shopInfo": "শপ তথ্য",
        "vegatables": "Vegatables",
        "localGarden": "স্থানীয় বাগান",
        "confirm": "নিশ্চিত করুন",
        "cancelOrder": "আদেশ বাতিল",
        "reffer": "উল্লেখ করুন",
        "business": "ব্যবসা",
        "pastOrders": "অতীত আদেশ",
        "viewMoreOrders": "আরও আদেশ দেখুন",
        "logOut": "প্রস্থান",
        "add": "যোগ করুন",
        "verify": "যাচাই করুন",
        "refferBy": "উল্লেখ করুন",
        "whatsapp": "হোয়াটসঅ্যাপ",
        "message": "বার্তা",
        "editProfile": "জীবন বৃত্তান্ত সম্পাদনা",
        "favoruites": "অনুকূল",
        "savedAddress": "সংরক্ষণ ঠিকানা",
        "privacyPolicies": "গোপনীয়তা নীতি",
        "byClicking": "ক্লিক করে",
        "iAccept": "আমি স্বীকার করছি",
        "theTerms": "শর্তাবলী",
        "conditionsAnd": "শর্ত এবং",
        "priavacyPolicy": "গোপনীয়তা নীতি.",
        "didn'tReceive": "প্রাপ্তি হয়নি",
        "verifyVia": "মাধ্যমে যাচাই করুন",
        "pickupWithin": "মধ্যে পিকআপ",
        "addDebit": "ডেবিট যোগ করুন",
        "creditCard": "ক্রেডিট কার্ড",
        "yourOrder": "তোমার আদেশ",
        "willBe": "হবে",
        "deliver": "বিতরণ",
        "pickupNoShow": "পিকআপ কোন শো",
        "house": "গৃহ",
        "flat": "সমান",
        "block": "ব্লক",
        "blockNumber": "ব্লক নম্বর",
        "appartment": "অ্যাপার্টমেন্ট",
        "road": "রাস্তা",
        "area": "অঞ্চল",
        "saveThis": "এটা সংরক্ষন কর",
        "addressAs": "ঠিকানা হিসাবে",
        "areYou": "আপনি",
        "sureYou": "নিশ্চিত তুমি",
        "wantTo": "চাই",
        "smsSent": "এসএমএস প্রেরণ",
        "successfullty": "সফলভাবে",
        "anOtp": "একটি ওটিপি",
        "hasBeen": "হয়েছে",
        "sentAt": "পাঠানো",
        "yourRegistered": "আপনার নিবন্ধিত",
        "otpRetry": "ওটিপি পুনরায় চেষ্টা করুন",
        "in00.30Secs": "",
        "": "",
        "welcome": "স্বাগত",
        "toSarvmai": "সরভ.এই",
        "enterMobileNumber": "মোবাইল নম্বর লিখুন",
        "verificationCode": "যাচাইকরণ কোড",
        "resendOtp": "ওটিপি পুনরায় পাঠানো",
        "shopAddress": "দোকান ঠিকানা",
        "searchYourAddress": "আপনার ঠিকানা অনুসন্ধান করুন",
        "enterDetails": "বিশদ লিখুন",
        "businessName": "প্রাতিষ্ঠানিক নাম",
        "shopNo": "দোকান নং",
        "building/Locality": "বিল্ডিং/লোকেশন",
        "saveAndContinue": "সংরক্ষণ করুন এবং অবিরত থাকুন",
        "specifyWorkingTime": "কাজের সময় নির্দিষ্ট করুন",
        "sameForEveryDay": "প্রতিদিনের জন্য একই",
        "skip": "এড়িয়ে যান",
        "save&Continue": "সংরক্ষণ করুন এবং চালিয়ে যান",
        "startTime": "সময় শুরু",
        "endTime": "শেষ সময়",
        "done": "সম্পন্ন",
        "Kyc": "কেওয়াইসি",
        "father'sName": "বাবার নাম",
        "dob": "ডিওবি",
        "uploadProofIdentity": "প্রমাণ পরিচয় আপলোড করুন",
        "adharCard": "অ্যাডা কার্ড",
        "idCardNo.": "আইডি কার্ড নম্বর.",
        "uploadPanCard": "প্যান কার্ড আপলোড করুন",
        "panCardNo": "প্যান কার্ড নং",
        "uploadFileForm": "থেকে ফাইল আপলোড করুন",
        "bankDetails": "ব্যাংক বিবরণ",
        "BeneficiaryName": "সুবিধা প্রাপ্ত নাম",
        "bankName": "ব্যাংকের নাম",
        "accountNo": "হিসাব নাম্বার.",
        "ifsc": "আইএফএসসি",
        "uploadPassbookPhoto": "পাসবুক ফটো আপলোড করুন",
        "pendingOrders": "মুলতুবি আদেশ",
        "details": "বিশদ",
        "inventory": "ইনভেন্টরি",
        "management": "পরিচালনা",
        "order": "অর্ডার",
        "expenses": "ব্যয়",
        "crm": "সিআরএম",
        "customer": "ক্রেতা",
        "service": "পরিষেবা",
        "b2bBuy": "বি 2 বি কিনুন",
        "promote": "প্রচার",
        "user": "ব্যবহারকারী",
        "P&L": "পি ও এল",
        "subscription": "সাবস্ক্রিপশন",
        "catalog": "ক্যাটালগ",
        "usermanagement": "ইউজার ম্যানেজমেন্ট",
        "search": "অনুসন্ধান",
        "addUser": "ব্যবহারকারী যুক্ত করুন",
        "reset": "রিসেট",
        "personal": "ব্যক্তিগত",
        "identity": "পরিচয়",
        "emergencyContact": "জরুরী যোগাযোগ",
        "employeeId": "কর্মচারী আইডি",
        "fullName": "পুরো নাম",
        "assignRoles": "ভূমিকা অর্পণ",
        "emailAddress*": "ইমেল",
        "mobileNumber*": "মোবাইল নম্বর *",
        "education": "শিক্ষা",
        "AddressLine": "ঠিকানা লাইন",
        "userManagement": "ইউজার ম্যানেজমেন্ট",
        "roles": "ভূমিকা",
        "dateOfJoining*": "যোগদানের তারিখ *",
        "uploadAdhaarCard": "আধার কার্ড আপলোড করুন",
        "clear": "স্পষ্ট",
        "profilePhoto": "প্রোফাইল ফটো",
        "basicSalaryPerMonth": "প্রতি মাসে বেসিক বেতন",
        "previous": "আগে",
        "EmergencyContactNumber*": "জরুরী যোগাযোগের নম্বর *",
        "contactName*": "যোগাযোগের নাম *",
        "relationship": "সম্পর্ক",
        "userCreatedSuccessfully": "ব্যবহারকারী সফলভাবে তৈরি করেছেন",
        "yay!": "হ্যাঁ!",
        "doj": "যোগদানের তারিখ",
        "inventoryManager,..": "ইনভেন্টরি ম্যানেজার, ...",
        "empId": "ইএমপি আইডি",
        "activate": "সক্রিয়",
        "deactivate": "নিষ্ক্রিয়",
        "phone": "ফোন",
        "deletedSuccessfully!": "সফলভাবে মুছে ফেলা!",
        "voterId": "ভোটার আইডি",
        "drivingLicense": "ড্রাইভিং লাইসেন্স",
        "updateChanges": "পরিবর্তনগুলি আপডেট করুন",
        "deactiveToDelete": "মুছতে ডেস্টিভ",
        "groceries": "মুদি",
        "fishes": "মাছ",
        "meat": "মাংস",
        "dairy": "দুগ্ধ",
        "tropicalFruits": "গ্রীষ্মমন্ডলীয় ফল",
        "drupe": "ড্রুপ",
        "pome": "পোম",
        "berry": "বেরি",
        "others": "অন্যান্য",
        "bakery": "বেকারি",
        "flowers": "ফুল",
        "nuts": "বাদাম",
        "legume": "শিম",
        "capsules": "ক্যাপসুলস",
        "updateExisting": "বিদ্যমান আপডেট",
        "showAll": "সব দেখাও",
        "to": "প্রতি",
        "tropical": "ক্রান্তীয়",
        "dragonFruit": "ড্রাগন ফল",
        "select": "নির্বাচন করুন",
        "fruit": "ফল",
        "passionFruit": "আবেগ ফল",
        "rambutan": "রামবুটান",
        "acail": "আকাই",
        "jackFruit": "জ্যাক ফল",
        "mangosteen": "ম্যাঙ্গোস্টিন",
        "lychee": "লিচি",
        "productDetails": "পণ্যের বিবরণ",
        "general": "সাধারণ",
        "sellingOption": "বিক্রয় বিকল্প",
        "returnOption": "রিটার্ন বিকল্প",
        "soldBy": "বিক্রিত",
        "kilogram": "কিলোগ্রাম",
        "liter": "লিটার",
        "placeOfOrigin": "উৎপত্তি স্থল",
        "AboutProduct": "পণ্য সম্পর্কে",
        "grading": "গ্রেডিং",
        "quantity": "পরিমাণ",
        "returnWithin": "মধ্যে ফিরে",
        "noReturn": "ফেরত নেই",
        "sameDay": "একই দিন",
        "nextDay": "পরবর্তী দিন",
        "costPrice": "কেনা দাম",
        "Hrs": "ঘন্টা",
        "sku": "স্কু",
        "maxQtyPerOrder": "সর্বোচ্চ অর্ডার প্রতি Qty",
        "stockStatus": "স্টক অবস্থা",
        "regularPrice": "নিয়মিত দাম",
        "inStock": "স্টক",
        "outOfStock": "স্টক বাইরে",
        "discountPrice": "ডিসকাউন্ট মূল্য",
        "days": "দিন",
        "hours": "ঘন্টার",
        "saveProduct": "পণ্য সংরক্ষণ করুন",
        "productAddedSuccessfully": "পণ্য সফলভাবে যুক্ত",
        "addPhoto": "ছবি যোগ করুন",
        "productListedSuccessfully": "পণ্য সফলভাবে তালিকাভুক্ত",
        "pendingDetails": "মুলতুবি বিশদ",
        "listed": "তালিকাভুক্ত",
        "unlisted": "তালিকাভুক্ত",
        "tropicalFruit(7)": "গ্রীষ্মমন্ডলীয় ফল (7)",
        "viewALl": "সব দেখ",
        "addDetail": "বিশদ যুক্ত করুন",
        "unlist": "লোভনীয়",
        "drupeFruit(10)": "ড্রুপ ফল (10)",
        "aboutProduct": "পণ্য সম্পর্কে",
        "costprice": "কেনা দাম",
        "mini.PricePerOrder": "মিনি দাম",
        "customerPickup": "গ্রাহক পিকআপ",
        "ownDelivery": "নিজস্ব বিতরণ",
        "thirdParty": "তৃতীয় পক্ষ",
        "processignTime": "প্রক্রিয়াকরণের সময়",
        "Mins": "মিনিট",
        "pickupSlots": "পিকআপ স্লট",
        "delete": "মুছে ফেলা",
        "save": "সংরক্ষণ",
        "deliverySlots": "বিতরণ স্লট",
        "deliveryOptions": "সরবরাহের সুযোগ",
        "distanceCovers": "দূরত্ব কভার",
        "Km": "কিমি",
        "deliveryCharge": "ডেলিভারি চার্জ",
        "onOrdersMore": "আরও অর্ডার উপর",
        "than": "এর চেয়েও",
        "enableFreeShipping": "বিনামূল্যে শিপিং সক্ষম করুন",
        "capacity": "ক্ষমতা",
        "deliveryPartner": "বিতরণ অংশীদার",
        "finalThoughts": "সর্বশেষ ভাবনা",
        "enterMobile": "মোবাইল নম্বর লিখুন",
        "numberFor": "জন্য সংখ্যা",
        "otpVerification": "ওটিপি যাচাইকরণ",
        "terms&Conditions": "শর্তাবলী",
        "andPrivacyPolicy": "এবং গোপনীয়তা নীতি",
        "pleaseEnterThe": "দয়া করে প্রবেশ করুন",
        "sentFor": "জন্য পাঠানো",
        "theOtp": "ওটিপি",
        "yourShop": "আপনার দোকান",
        "workingHours": "কর্মঘন্টা",
        "nameAsPer": "অনুযায়ী নাম",
        "PanCard": "প্যান কার্ড",
        "re-enter": "পুনরায় প্রবেশ",
        "accountNo.": "হিসাব নাম্বার.",
        "areYouSure": "তুমি কি নিশ্চিত.",
        "doYouWant": "তুমি কি চাও",
        "toDelete?": "মুছে দিন?",
        "youCannotDelete": "আপনি মুছতে পারবেন না",
        "activeUser!": "সক্রিয় ব্যবহারকারী!",
        "selectCategory": "বিভাগ নির্বাচন করুন",
        "toAddProduct": "পণ্য যোগ করতে",
        "mini.qty": "মিনি qty",
        "perOrder": "প্রতি অর্ডারে",
        "yourUnsaved": "আপনার সংরক্ষিত",
        "detailsWill": "বিশদ হবে",
        "beLost": "হারানো.",
        "saveChanges": "পরিবর্তনগুলোর সংরক্ষন",
        "beforeClosing": "বন্ধ হওয়ার আগে",
        "wouldYouLike": "আপনি কি",
        "toMoveTo": "সরাতে",
        "listedItem": "তালিকাভুক্ত আইটেম",
        "max.qty": "সর্বোচ্চ qty",
        "rambutanIs": "রামবুটান হয়",
        "movedTo": "সরানো",
        "BPLID": "বিপিএল আইডি",
        "pickupAnd": "পিকআপ এবং",
        "imSelling": "আমি বিক্রি করছি",
        "searchBy": "দ্বারা অনুসন্ধান",
        "fruitsCategory": "ফল বিভাগ",
        "selectFruits": "ফল নির্বাচন করুন",
        "drupeFruit": "ড্রুপ ফল",
        "pomeFruit": "পোম ফল",
        "saveContinue": "সংরক্ষণ করুন এবং চালিয়ে যান",
        "miniQty": "Mini.qty",
        "maxQty": "সর্বোচ্চ কিউটি",
        "miniPrice": "মিনি দাম",
        "producAdded": "পণ্য যুক্ত",
        "successfullyYay": "সফলভাবে হ্যাঁ",
        "wouldYou": "আপনি কি",
        "likeTo": "পছন্দ",
        "moveTo": "চলো",
        "ListedItem": "তালিকাভুক্ত আইটেম",
        "areYouDelivering": "আপনি বিতরণ করছেন?",
        "procesingTime": "প্রক্রিয়াকরণের সময়",
        "onOrder": "আদেশ",
        "enableFree": "বিনামূল্যে সক্ষম করুন",
        "shipping": "পাঠানো",
        "availOur": "আমাদের উপকার",
        "deliveryService": "বিতরণ সেবা",
        "DelieveryPartner": "বিতরণ অংশীদার",
        "ChooseYourLanguage": "আপনার ভাষা নির্বাচন করুন",
        "SearchLanguage": "অনুসন্ধান ভাষা",
        "EntermobilenumberforOTP verification": "ওটিপি যাচাইকরণের জন্য মোবাইল নম্বর লিখুন",
        "Pleaseentetheverificationcodesentfor": "এর জন্য প্রেরিত যাচাইকরণ কোডটি প্রবেশ করুন",
        "Selectyourlanguagehere": "আপনার ভাষা এখানে নির্বাচন করুন",
        "Addressdetail": "ঠিকানা বিশদ",
        "PanProof": "প্যান প্রুফ",
        "FixedRetailershop": "স্থির খুচরা বিক্রেতার দোকান",
        "MobileRetailershop": "মোবাইল খুচরা বিক্রেতার দোকান",
        "Iown": "আমি মালিক",
        "Membershipplan": "সদস্যপদ পরিকল্পনা",
        "PerMonth": "প্রতি মাসে",
        "Basic": "বেসিক",
        "Onlineshopspace": "অনলাইন শপ স্পেস",
        "Sell/purchase": "বিক্রয়/ক্রয়",
        "Creditmanagement": "আমানত ব্যবস্থাপনা",
        "Owndelivery": "নিজস্ব বিতরণ",
        "Onlinepayment": "অনলাইন পেমেন্ট",
        "Catalougepayment": "ক্যাটালুজ পেমেন্ট",
        "PerOrderManagement": "অর্ডার ম্যানেজমেন্ট প্রতি",
        "Managecustomers": "গ্রাহকদের পরিচালনা করুন",
        "BuyNow": "এখন কেন",
        "Skip": "এড়িয়ে যান",
        "Close": "বন্ধ",
        "Open": "খোলা",
        "ReferandEarn": "উল্লেখ করুন এবং উপার্জন করুন",
        "Shoppicture": "দোকান ছবি",
        "Edit": "সম্পাদনা",
        "Mywallet": "আমার মানিব্যাগ",
        "MyRewards": "আমার পুরষ্কার",
        "Invitepeoplefromyournetworkandlearncashrewards": "আপনার নেটওয়ার্ক থেকে লোকদের আমন্ত্রণ জানান এবং নগদ পুরষ্কার শিখুন",
        "Getcashrewardsupto": "পর্যন্ত নগদ পুরষ্কার পান",
        "Invite": "আমন্ত্রণ",
        "ReferralStatus": "রেফারেল স্ট্যাটাস",
        "TotalReferal": "মোট রেফারাল",
        "Acknowledge": "স্বীকৃতি",
        "Signup": "নিবন্ধন করুন",
        "Order": "অর্ডার",
        "ProfileComplete": "প্রোফাইল সম্পূর্ণ",
        "Referred": "উল্লেখ করা হয়েছে",
        "invite": "আমন্ত্রণ",
        "Indiidual": "অনিশ্চিত",
        "Deliveryvalet": "ডেলিভারি ভ্যালেট",
        "Wholeseller": "হোলসেলার",
        "Farmer": "কৃষক",
        "Trader/Broker": "ব্যবসায়ী/ব্রোকার",
        "Deliverypartner": "বিতরণ অংশীদার",
        "InviteeMobileNumber": "আমন্ত্রিত মোবাইল নম্বর",
        "ReferralSMSsendsucessfully": "রেফারেল এসএমএস সফলভাবে প্রেরণ করুন",
        "RequestingReferretoGiveaMissCallon": "একটি মিস কল দিতে রেফারেন্স অনুরোধ",
        "TotalRewardsEarn": "মোট পুরষ্কার উপার্জন",
        "MyReferrals": "আমার রেফারেল",
        "IncreaseEarningBy": "দ্বারা উপার্জন বৃদ্ধি",
        "IncreaseReferralEarningonEachsucessfuinvite": "প্রতিটি সফল আমন্ত্রণে রেফারেল উপার্জন বৃদ্ধি করুন",
        "Youcanwin": "তুমি জিততে পারো",
        "YouWon": "তুমি জিতেছো",
        "ByReferring": "উল্লেখ করে",
        "Completed": "সম্পূর্ণ",
        "Incompleted": "অসম্পূর্ণ",
        "Referralstatus": "রেফারেল স্ট্যাটাস",
        "Orderd": "অর্ডার",
        "First order": "প্রথম আদেশ",
        "ProfileCompleted": "প্রোফাইল সম্পূর্ণ",
        "Reminder": "অনুস্মারক"
    }
}