{
    "System": {
        "item": "Item",
        "product": "Product",
        "price": "price",
        "cost": "cost",
        "name": "Name",
        "fruis": "Fruits",
        "address": "Address",
        "error": "error",
        "selectYourLanguage": "Select Your Language",
        "selectYourPreference": "Select Your Preference",
        "vegetarian": "Vegetarian",
        "nonVegetarian": "Non-vegetarian",
        "getStarted": "Get Started",
        "selectYourCity": "Select Your City",
        "procced": "Proceed",
        "filters": "Filters",
        "sortBy": "sort by",
        "veg": "Vegetarian",
        "ratings4+": "ratings 4+",
        "nearYou": "Near you",
        "mobileNumber": "Mobile Number",
        "otp": "OTP",
        "continue": "Continue",
        "call": "Call",
        "sms": "SMS",
        "whatsApp": "WhatsApp",
        "orderAgain": "order again",
        "currentLocation": "Current location",
        "usingGps": "using GPS",
        "frequentlyUsed": "Frequently bought",
        "other": "Other",
        "work": "Work",
        "home": "Home",
        "recentSearch": "Recent Search",
        "selectLocation": "Select Location",
        "change": "Change",
        "confirmLocation": "Confirm location",
        "distanceLessThan": "Distance less than",
        "km": "KM",
        "moreThan": "more than",
        "all": "All",
        "delivery": "Delivery",
        "pickUp": "Pickup",
        "previousOrder": "Previous order",
        "recommended": "Recommended",
        "aboutSeller": "About seller",
        "sellingItems": "Selling items",
        "menu": "Menu",
        "addToFavorites": "Add to favourites",
        "share": "share",
        "shopInformation": "shop Information",
        "more": "More",
        "fruits": "Fruits",
        "vegetables": "Vegetables",
        "today": "Today",
        "tomorrow": "Tomorrow",
        "addQuantity": "Add Quantity",
        "pieces": "pieces",
        "numberOfpieces": "Number of pieces",
        "amount": "Amount",
        "viewCart": "View Cart",
        "orderSummary": "order summary",
        "detailedBill": "detailed bill",
        "cartTotal": "cart total",
        "discount": "discount",
        "total": "total",
        "selfPickup": "self pickup",
        "totalPayable": "total payable",
        "payAtPickup": "pay at pickup",
        "savedDetails": "saved details",
        "debitAtmCard": "debit/atm card",
        "netBanking": "net banking",
        "addDebitCreditCard": "add debit/credit card",
        "walletsUpi": "wallets & UPI",
        "phonepe": "phonepe",
        "paytm": "Paytm",
        "otherUpi": "other",
        "paySecurely": "Pay Securely",
        "deliverAt": "deliver at",
        "noContact": "no contact",
        "scheduledDelivery": "scheduled delivery",
        "am": "am",
        "pm": "pm",
        "hour": "hour",
        "freeDelivery": "Free Delivery",
        "enterCvv": "Enter CVV",
        "cardNumber": "card number",
        "expiry": "expiry",
        "nameOnCard": "name on card.",
        "saveCardDetails": "save card details",
        "icici": "ICICI",
        "sbi": "sbi",
        "hdfc": "hdfc",
        "moreBanks": "more banks",
        "orderConfirmed": "order confirmed",
        "orderNumber": "Order Number",
        "payment": "Payment",
        "dateOfOrder": "date of order",
        "help": "Help",
        "trackOrder": "Track order",
        "activeOrder": "active order",
        "view": "View",
        "chat": "Chat",
        "orderDetails": "order details",
        "cancel": "CANCEL",
        "support": "support",
        "orderTotal": "order total",
        "orderPlaced": "order placed",
        "orederAccepted": "order accepted",
        "processing": "processing",
        "ready": "ready",
        "dispatched": "dispatched",
        "contactSeller": "contact seller",
        "viewOrderSummary": "view order summary",
        "addInstructions": "Add instructions",
        "myAccount": "My account",
        "favorite": "Favourite",
        "settings": "settings",
        "myAddress": "my address",
        "myFamily": "My family",
        "refer": "refer",
        "individual": "Individual",
        "busness": "business",
        "postOrder": "post order",
        "logout": "logout",
        "contactNumber": "Contact number",
        "relation": "Relation",
        "getOtp": "Get OTP",
        "enterOtp": "Enter OTP",
        "mail": "Mail",
        "facebook": "Facebook",
        "email": "Email",
        "contact": "contact",
        "update": "Update",
        "items": "Items",
        "shops": "Shops",
        "allowLocation": "Allow location",
        "allowNotification": "Allow notification",
        "homeWork": "home work",
        "addNewAddress": "Add new address",
        "landMark": "land mark",
        "saveAndProceed": "save and proceed",
        "termsAndConditions": "terms and conditions",
        "faqs": "FAQs",
        "privacyPolicy": "Privacy policy",
        "contactUs": "Contact Us",
        "customerCare": "Customer Care",
        "customerCareNumber": "customer care number",
        "yes": "Yes",
        "no": "No",
        "validateAgain": "validate again",
        "employee": "Employee",
        "onboard": "onboard",
        "selfOnBoard": "self onboard",
        "onboardByBuisness": "onboard by business",
        "retailer": "retailer",
        "middleMan": "middleman",
        "former": "farmer",
        "phoneNumber": "phone number",
        "houseNo": "house no",
        "building": "building",
        "street": "Street",
        "landmark": "Landmark",
        "state": "state",
        "city": "City",
        "pincode": "Pincode",
        "location": "location",
        "submit": "submit",
        "editAddress": "Edit Address",
        "addMember": "Add member",
        "deliveryWithin": "Delivery Within",
        "notification": "Notification",
        "voice": "voice",
        "fruitsShop": "Fruits Shop",
        "delivering": "Delivering",
        "notDelivering": "Not delivering",
        "sellerProfile": "Seller profile",
        "fabulous": "Fabulous",
        "customerRated": "Customer rated",
        "searchLocation": "Search location",
        "shopByCategories": "Shop by categories",
        "next": "Next",
        "shopInfo": "Shop Info",
        "vegatables": "Vegatables",
        "localGarden": "Local Garden",
        "confirm": "Confirm",
        "cancelOrder": "Cancel Order",
        "reffer": "Refer",
        "business": "Business",
        "pastOrders": "Past Orders",
        "viewMoreOrders": "View More Orders",
        "logOut": "log out",
        "add": "Add",
        "verify": "Verify",
        "refferBy": "Refer by",
        "whatsapp": "Whatsapp",
        "message": "Message",
        "editProfile": "Edit Profile",
        "favoruites": "Favoruites",
        "savedAddress": "Saved Address",
        "privacyPolicies": "Privacy policies",
        "byClicking": "By clicking",
        "iAccept": "I accept",
        "theTerms": "the terms",
        "conditionsAnd": "conditions and",
        "priavacyPolicy": "privacy policy.",
        "didn'tReceive": "Didn’t receive",
        "verifyVia": "Verify via",
        "pickupWithin": "Pickup within",
        "addDebit": "add debit",
        "creditCard": "credit card",
        "yourOrder": "your order",
        "willBe": "will be",
        "deliver": "deliver",
        "pickupNoShow": "pickup no show",
        "house": "House",
        "flat": "Flat",
        "block": "Block",
        "blockNumber": "Block Number",
        "appartment": "Apartment",
        "road": "road",
        "area": "area",
        "saveThis": "save this",
        "addressAs": "address as",
        "areYou": "Are you",
        "sureYou": "sure you",
        "wantTo": "want to",
        "smsSent": "sms sent",
        "successfullty": "successfully",
        "anOtp": "An OTP",
        "hasBeen": "has been",
        "sentAt": "sent at",
        "yourRegistered": "your registered",
        "otpRetry": "otp retry",
        "in00.30Secs": "in 00.30 secs",
        "": "",
        "welcome": "Welcome",
        "toSarvmai": "to SarVM.ai",
        "enterMobileNumber": "Enter Mobile Number",
        "verificationCode": "Verification code",
        "resendOtp": "Resend OTP",
        "shopAddress": "Shop Address",
        "searchYourAddress": "Search your address",
        "enterDetails": "Enter Details",
        "businessName": "Business Name",
        "shopNo": "Shop No.",
        "building/Locality": "Building/Locality",
        "saveAndContinue": "Save and Continue",
        "specifyWorkingTime": "Specify Working Time",
        "sameForEveryDay": "Same for Every Day",
        "skip": "Skip",
        "save&Continue": "Save & Continue",
        "startTime": "Start Time",
        "endTime": "End Time",
        "done": "Done",
        "Kyc": "KYC",
        "father'sName": "Father’s Name",
        "dob": "DOB",
        "uploadProofIdentity": "Upload Proof identity",
        "adharCard": "Adhaar Card",
        "idCardNo.": "ID Card No.",
        "uploadPanCard": "Upload PAN Card",
        "panCardNo": "PAN Card No.",
        "uploadFileForm": "Upload file from",
        "bankDetails": "Bank Details",
        "BeneficiaryName": "Beneficiary Name",
        "bankName": "Bank Name",
        "accountNo": "Account No.",
        "ifsc": "IFSC",
        "uploadPassbookPhoto": "Upload Passbook photo",
        "pendingOrders": "Pending Orders",
        "details": "Details",
        "inventory": "Inventory",
        "management": "Management",
        "order": "Order",
        "expenses": "Expenses",
        "crm": "CRM",
        "customer": "Customer",
        "service": "Service",
        "b2bBuy": "B2B Buy",
        "promote": "Promote",
        "user": "User",
        "P&L": "P & L",
        "subscription": "Subscription",
        "catalog": "Catalog",
        "usermanagement": "User Management",
        "search": "Search",
        "addUser": "Add User",
        "reset": "Reset",
        "personal": "Personal",
        "identity": "Identity",
        "emergencyContact": "Emergency Contact",
        "employeeId": "Employee ID",
        "fullName": "Full Name",
        "assignRoles": "Assign Roles",
        "emailAddress*": "Email",
        "mobileNumber*": "Mobile Number *",
        "education": "Education",
        "AddressLine": "Address line",
        "userManagement": "User Management",
        "roles": "Roles",
        "dateOfJoining*": "Date of Joining *",
        "uploadAdhaarCard": "Upload Adhaar Card",
        "clear": "Clear",
        "profilePhoto": "Profile Photo",
        "basicSalaryPerMonth": "Basic Salary per month",
        "previous": "Previous",
        "EmergencyContactNumber*": "Emergency Contact Number *",
        "contactName*": "Contact Name *",
        "relationship": "Relationship",
        "userCreatedSuccessfully": "User Created Successfully",
        "yay!": "YAY!",
        "doj": "Date of joining",
        "inventoryManager,..": "Inventory Manager,...",
        "empId": "Emp ID",
        "activate": "Activate",
        "deactivate": "Deactivate",
        "phone": "Phone",
        "deletedSuccessfully!": "Deleted Successfully!",
        "voterId": "Voter ID",
        "drivingLicense": "Driving License",
        "updateChanges": "Update Changes",
        "deactiveToDelete": "Deactive to Delete",
        "groceries": "Groceries",
        "fishes": "Fishes",
        "meat": "Meat",
        "dairy": "Dairy",
        "tropicalFruits": "Tropical Fruits",
        "drupe": "Drupe",
        "pome": "Pome",
        "berry": "Berry",
        "others": "others",
        "bakery": "Bakery",
        "flowers": "Flowers",
        "nuts": "Nuts",
        "legume": "Legume",
        "capsules": "Capsules",
        "updateExisting": "Update Existing",
        "showAll": "Show all",
        "to": "to",
        "tropical": "Tropical",
        "dragonFruit": "Dragon fruit",
        "select": "Select",
        "fruit": "fruit",
        "passionFruit": "Passion fruit",
        "rambutan": "Rambutan",
        "acail": "Acai",
        "jackFruit": "Jack fruit",
        "mangosteen": "Mangosteen",
        "lychee": "Lychee",
        "productDetails": "Product Details",
        "general": "General",
        "sellingOption": "Selling Option",
        "returnOption": "Return Option",
        "soldBy": "Sold By",
        "kilogram": "Kilogram",
        "liter": "Liter",
        "placeOfOrigin": "Place Of Origin",
        "AboutProduct": "About Product",
        "grading": "Grading",
        "quantity": "Quantity",
        "returnWithin": "Return Within",
        "noReturn": "No Return",
        "sameDay": "Same Day",
        "nextDay": "Next Day",
        "costPrice": "Cost Price",
        "Hrs": "Hrs",
        "sku": "SKU",
        "maxQtyPerOrder": "Max. qty per Order",
        "stockStatus": "Stock Status",
        "regularPrice": "Regular price",
        "inStock": "In Stock",
        "outOfStock": "Out of Stock",
        "discountPrice": "Discount Price",
        "days": "Days",
        "hours": "Hours",
        "saveProduct": "Save product",
        "productAddedSuccessfully": "Product Added Successfully",
        "addPhoto": "Add Photo",
        "productListedSuccessfully": "Product Listed Successfully",
        "pendingDetails": "Pending Details",
        "listed": "Listed",
        "unlisted": "Unlisted",
        "tropicalFruit(7)": "Tropical Fruit (7)",
        "viewALl": "View all",
        "addDetail": "Add Detail",
        "unlist": "Unlist",
        "drupeFruit(10)": "Drupe Fruit (10)",
        "aboutProduct": "About Product",
        "costprice": "Cost Price",
        "mini.PricePerOrder": "Mini. price",
        "customerPickup": "Customer Pickup",
        "ownDelivery": "Own Delivery",
        "thirdParty": "Third Party",
        "processignTime": "Processing Time",
        "Mins": "mins",
        "pickupSlots": "Pickup Slots",
        "delete": "Delete",
        "save": "Save",
        "deliverySlots": "Delivery Slots",
        "deliveryOptions": "Delivery Options",
        "distanceCovers": "Distance covers",
        "Km": "Km",
        "deliveryCharge": "Delivery Charge",
        "onOrdersMore": "on Orders more",
        "than": "than",
        "enableFreeShipping": "Enable free Shipping",
        "capacity": "Capacity",
        "deliveryPartner": "Delivery Partner",
        "finalThoughts": "Final Thoughts",
        "enterMobile": "Enter mobile number",
        "numberFor": "number for",
        "otpVerification": "OTP Verification",
        "terms&Conditions": "Terms & Conditions",
        "andPrivacyPolicy": "and Privacy Policy",
        "pleaseEnterThe": "Please enter the",
        "sentFor": "sent for",
        "theOtp": "the OTP",
        "yourShop": "Your Shop",
        "workingHours": "Working hours",
        "nameAsPer": "Name as per",
        "PanCard": "PAN Card",
        "re-enter": "Re-enter",
        "accountNo.": "Account No.",
        "areYouSure": "Are you sure.",
        "doYouWant": "Do you want",
        "toDelete?": "to delete?",
        "youCannotDelete": "You cannot delete",
        "activeUser!": "Active User!",
        "selectCategory": "Select Category",
        "toAddProduct": "to Add Product",
        "mini.qty": "MIni. qty",
        "perOrder": "per Order",
        "yourUnsaved": "Your unsaved",
        "detailsWill": "details will",
        "beLost": "be lost.",
        "saveChanges": "Save changes",
        "beforeClosing": "before closing",
        "wouldYouLike": "Would you like",
        "toMoveTo": "to move to",
        "listedItem": "Listed Item",
        "max.qty": "Max. qty",
        "rambutanIs": "Rambutan is",
        "movedTo": "moved to",
        "BPLID": "BPL ID",
        "pickupAnd": "Pickup and",
        "imSelling": "I'm Selling",
        "searchBy": "Search by",
        "fruitsCategory": "fruits Category",
        "selectFruits": "Select Fruits",
        "drupeFruit": "Drupe fruit",
        "pomeFruit": "Pome fruit",
        "saveContinue": "Save&Continue",
        "miniQty": "Mini.qty",
        "maxQty": "Max qty",
        "miniPrice": "Mini price",
        "producAdded": "Product Added",
        "successfullyYay": "Successfully YAY",
        "wouldYou": "Would you",
        "likeTo": "like to",
        "moveTo": "move to",
        "ListedItem": "Listed Item",
        "areYouDelivering": "Are you Delivering",
        "procesingTime": "Processing Time",
        "onOrder": "on Order",
        "enableFree": "Enable free",
        "shipping": "Shipping",
        "availOur": "avail our",
        "deliveryService": "delivery service",
        "DelieveryPartner": "Delivery Partner",
        "ChooseYourLanguage": "Choose Your Language",
        "SearchLanguage": "Search Language",
        "EntermobilenumberforOTP verification": "Enter mobile number for OTP  verification",
        "Pleaseentetheverificationcodesentfor": "Please enter the verification code sent for",
        "Selectyourlanguagehere": "Select your language here",
        "Addressdetail": "Address detail",
        "PanProof": "Pan Proof",
        "FixedRetailershop": "Fixed Retailer  shop",
        "MobileRetailershop": "Mobile Retailer shop",
        "Iown": "I own",
        "Membershipplan": "Membership plan",
        "PerMonth": "Per Month",
        "Basic": "Basic",
        "Onlineshopspace": "Online shop space",
        "Sell/purchase": "Sell/purchase",
        "Creditmanagement": "Credit management",
        "Owndelivery": "Own delivery",
        "Onlinepayment": "Online payment",
        "Catalougepayment": "Catalouge payment",
        "PerOrderManagement": "Per Order Management",
        "Managecustomers": "Manage customers",
        "BuyNow": "Buy Now",
        "Skip": "Skip",
        "Close": "Close",
        "Open": "Open",
        "ReferandEarn": "Refer  and Earn",
        "Shoppicture": "Shop picture",
        "Edit": "Edit",
        "Mywallet": "My wallet",
        "MyRewards": "My Rewards",
        "Invitepeoplefromyournetworkandlearncashrewards": "Invite people from your network and learn cash rewards",
        "Getcashrewardsupto": "Get cash rewards upto",
        "Invite": "Invite",
        "ReferralStatus": "Referral Status",
        "TotalReferal": "Total Referal",
        "Acknowledge": "Acknowledge",
        "Signup": "Signup",
        "Order": "Order",
        "ProfileComplete": "Profile Complete",
        "Referred": "Referred",
        "invite": "invite",
        "Indiidual": "Indiidual",
        "Deliveryvalet": "Delivery valet",
        "Wholeseller": "Wholeseller",
        "Farmer": "Farmer",
        "Trader/Broker": "Trader/Broker",
        "Deliverypartner": "Delivery partner",
        "InviteeMobileNumber": "Invitee Mobile Number",
        "ReferralSMSsendsucessfully": "Referral SMS send sucessfully",
        "RequestingReferretoGiveaMissCallon": "Requesting Referre to Give a Miss Call on",
        "TotalRewardsEarn": "Total Rewards Earn",
        "MyReferrals": "My Referrals",
        "IncreaseEarningBy": "Increase Earning By",
        "IncreaseReferralEarningonEachsucessfuinvite": "Increase Referral Earning on Each sucessful invite",
        "Youcanwin": "You can win",
        "YouWon": "You Won",
        "ByReferring": "By Referring",
        "Completed": "Completed",
        "Incompleted": "Incompleted",
        "Referralstatus": "Referral status",
        "Orderd": "Orderd",
        "First order": "First order",
        "ProfileCompleted": "Profile Completed",
        "Reminder": "Reminder"
    }
}