{
    "System": {
        "item": "બાબત",
        "product": "ઉત્પાદન",
        "price": "કિંમત",
        "cost": "ખર્ચ",
        "name": "નામ",
        "fruis": "ફળ",
        "address": "સંબોધન",
        "error": "ભૂલ",
        "selectYourLanguage": "તમારી ભાષા પસંદ કરો",
        "selectYourPreference": "તમારી પસંદગી પસંદ કરો",
        "vegetarian": "શાકાહારી",
        "nonVegetarian": "બિન-શાકાહારી",
        "getStarted": "શરૂ કરો",
        "selectYourCity": "તમારું શહેર પસંદ કરો",
        "procced": "આગળ વધવું",
        "filters": "ગાળકો",
        "sortBy": "સજાત કરવી",
        "veg": "શાકાહારી",
        "ratings4+": "રેટિંગ્સ 4+",
        "nearYou": "તમારી નજીક",
        "mobileNumber": "મોબાઇલ નંબર",
        "otp": "ઓટપી",
        "continue": "ચાલુ રાખવું",
        "call": "ઉઠાવવું",
        "sms": "એસએમએસ",
        "whatsApp": "વોટ્સેપ",
        "orderAgain": "ફરીથી ઓર્ડર",
        "currentLocation": "અત્યારની જ્ગ્યા",
        "usingGps": "જીપીએસનો ઉપયોગ કરીને",
        "frequentlyUsed": "વારંવાર",
        "other": "બીજું",
        "work": "કામ",
        "home": "ઘર",
        "recentSearch": "તાજેતરની શોધ",
        "selectLocation": "સ્થાન પસંદ કરો",
        "change": "પરિવર્તન",
        "confirmLocation": "સ્થાનની પુષ્ટિ",
        "distanceLessThan": "કરતાં ઓછું અંતર",
        "km": "કિ.મી.",
        "moreThan": "કરતાં વધુ",
        "all": "બધા",
        "delivery": "ડિલિવરી",
        "pickUp": "ઉપકલા",
        "previousOrder": "પાછલો હુકમ",
        "recommended": "ભલામણ કરેલ",
        "aboutSeller": "વિક્રેતા વિશે",
        "sellingItems": "વસ્તુઓ વેચવી",
        "menu": "વીનાશ",
        "addToFavorites": "મનપસંદમાં ઉમેરો",
        "share": "હિસ્સો",
        "shopInformation": "દુકાનની માહિતી",
        "more": "વધારે",
        "fruits": "ફળ",
        "vegetables": "શાકભાજી",
        "today": "આજ",
        "tomorrow": "આવતી કાલ",
        "addQuantity": "જથ્થો ઉમેરો",
        "pieces": "ટુકડાઓ",
        "numberOfpieces": "ટુકડાઓની સંખ્યા",
        "amount": "રકમ",
        "viewCart": "જુઓ",
        "orderSummary": "સારાંશ",
        "detailedBill": "વિગતવાર હૂંડી",
        "cartTotal": "ગાડીનો સરવાળો",
        "discount": "છૂટ",
        "total": "કુલ",
        "selfPickup": "સ્વયં -ઉપભોગ",
        "totalPayable": "ચૂકવવાપાત્ર",
        "payAtPickup": "પિકઅપ પર પગાર",
        "savedDetails": "સાચવેલ વિગતો",
        "debitAtmCard": "ડેબિટ/એટીએમ કાર્ડ",
        "netBanking": "ચોખ્ખી બેંકિંગ",
        "addDebitCreditCard": "ડેબિટ/ક્રેડિટ કાર્ડ ઉમેરો",
        "walletsUpi": "વ lets લેટ્સ અને યુપીઆઈ",
        "phonepe": "બોલણ",
        "paytm": "પગાર પૂરો પાડવો",
        "otherUpi": "બીજું",
        "paySecurely": "સુરક્ષિત ચૂકવણી",
        "deliverAt": "નાથી પહોંચાડવું",
        "noContact": "કોઈ સંપર્ક નથી",
        "scheduledDelivery": "અનુસૂચિત સોંપણી",
        "am": "છું",
        "pm": "બપોરે",
        "hour": "કલાક",
        "freeDelivery": "મફત સોંપણી",
        "enterCvv": "સીવીવી દાખલ કરો",
        "cardNumber": "કાર્ડ ક્રમાંક",
        "expiry": "સમાપ્તિ",
        "nameOnCard": "કાર્ડ પરનું નામ.",
        "saveCardDetails": "કાર્ડ વિગતો સાચવો",
        "icici": "આઇસીઆઈસીઆઈ",
        "sbi": "એસ.બી.આઈ.",
        "hdfc": "એચડીએફસી",
        "moreBanks": "વધુ બેંકો",
        "orderConfirmed": "આદેશ આપ્યો",
        "orderNumber": "ઓર્ડર નંબર",
        "payment": "ચુકવણી",
        "dateOfOrder": "હુકમની તારીખ",
        "help": "મદદ",
        "trackOrder": "ટ્રેક હુકમ",
        "activeOrder": "સક્રિય હુકમ",
        "view": "દૃશ્ય",
        "chat": "ગપસપ",
        "orderDetails": "હુકમની વિગતો",
        "cancel": "રદ કરવું",
        "support": "ટેકો",
        "orderTotal": "ક્રમ કુલ",
        "orderPlaced": "edોરસ",
        "orederAccepted": "આદેશ",
        "processing": "પ્રક્રિયા",
        "ready": "તૈયાર",
        "dispatched": "રવાના",
        "contactSeller": "સંપર્ક વિક્રેતા",
        "viewOrderSummary": "ઓર્ડર સારાંશ જુઓ",
        "addInstructions": "સૂચનો ઉમેરો",
        "myAccount": "મારું ખાતું",
        "favorite": "મનપસંદ",
        "settings": "પતાવટ",
        "myAddress": "મારું સરનામું",
        "myFamily": "મારું કુટુંબ",
        "refer": "સંદર્ભ આપવો",
        "individual": "વ્યક્તિગત",
        "busness": "બિઝનેસ",
        "postOrder": "ટપાલ હુકમ",
        "logout": "લૉગ આઉટ",
        "contactNumber": "સંપર્ક નંબર",
        "relation": "સંબંધ",
        "getOtp": "ઓટીપી મેળવો",
        "enterOtp": "ઓટીપી દાખલ કરો",
        "mail": "ટપાલ",
        "facebook": "ફેસબુક",
        "email": "ઇમેઇલ",
        "contact": "સંપર્ક",
        "update": "અપડેટ કરવું",
        "items": "વસ્તુઓ",
        "shops": "ચોપડી",
        "allowLocation": "સ્થાનને મંજૂરી આપો",
        "allowNotification": "સૂચના આપો",
        "homeWork": "ગૃહ કાર્ય",
        "addNewAddress": "નવું સરનામું ઉમેરો",
        "landMark": "જમીન -નિશાન",
        "saveAndProceed": "સાચવો અને આગળ વધો",
        "termsAndConditions": "નિયમો અને શરત",
        "faqs": "ચોરસ",
        "privacyPolicy": "ગોપનીયતા નીતિ",
        "contactUs": "અમારો સંપર્ક કરો",
        "customerCare": "ગ્રાહક સંભાળ",
        "customerCareNumber": "ગ્રાહક સંભાળ નંબર",
        "yes": "હા",
        "no": "કોઈ",
        "validateAgain": "ફરીથી માન્ય",
        "employee": "કર્મચારી",
        "onboard": "onંધું",
        "selfOnBoard": "સ્વચ્છતા",
        "onboardByBuisness": "ધંધા દ્વારા",
        "retailer": "છૂટક વેચાણ કરનાર",
        "middleMan": "વચલી વ્યક્તિ",
        "former": "ખેડૂત",
        "phoneNumber": "ફોન નંબર",
        "houseNo": "હાઉસ નંબર",
        "building": "મકાન",
        "street": "એક જ એક ચીકણું",
        "landmark": "સીમાચિહ્ન",
        "state": "રાજ્ય",
        "city": "શહેર",
        "pincode": "પીન કોડ",
        "location": "સ્થાન",
        "submit": "રજૂ કરવું",
        "editAddress": "સરનામું સંપાદિત કરો",
        "addMember": "સભ્ય ઉમેરો",
        "deliveryWithin": "અંદરની ડિલિવરી",
        "notification": "સૂચના",
        "voice": "અવાજ",
        "fruitsShop": "ફળો",
        "delivering": "પહોંચાડવું",
        "notDelivering": "વિતરિત નહીં",
        "sellerProfile": "વિક્રેતા પ્રોફાઇલ",
        "fabulous": "કલ્પિત",
        "customerRated": "ગ્રાહક",
        "searchLocation": "શોધ સ્થાન",
        "shopByCategories": "શ્રેણીઓ દ્વારા ખરીદી",
        "next": "આગલું",
        "shopInfo": "દુકાનની માહિતી",
        "vegatables": "શાકભાજી",
        "localGarden": "સ્થાનિક બાગ",
        "confirm": "પુષ્ટિ આપવી",
        "cancelOrder": "આદેશ રદ",
        "reffer": "સંદર્ભ આપવો",
        "business": "બિઝનેસ",
        "pastOrders": "પાછલા આદેશ",
        "viewMoreOrders": "વધુ ઓર્ડર જુઓ",
        "logOut": "લૉગ આઉટ",
        "add": "ઉમેરો",
        "verify": "ચકાસણી કરવી",
        "refferBy": "દ્વારા ઉલ્લેખ કરવો",
        "whatsapp": "વોટ્સેપ",
        "message": "સંદેશ",
        "editProfile": "પ્રોફાઇલ સંપાદિત કરો",
        "favoruites": "તરફેણ",
        "savedAddress": "સાચવેલ સરનામું",
        "privacyPolicies": "ગોપનીયતા નીતિ",
        "byClicking": "ક્લિક કરીને",
        "iAccept": "હું સ્વીકારું છું",
        "theTerms": "શરતો",
        "conditionsAnd": "શરતો અને",
        "priavacyPolicy": "ગોપનીયતા નીતિ.",
        "didn'tReceive": "પ્રાપ્ત થયું નથી",
        "verifyVia": "દ્વારા ચકાસણી કરવી",
        "pickupWithin": "અંદર પિકઅપ",
        "addDebit": "ઉધાર ઉમેરો",
        "creditCard": "ક્રેડીટ કાર્ડ",
        "yourOrder": "તમારો હુકમ",
        "willBe": "હશે",
        "deliver": "પહોંચાડવું",
        "pickupNoShow": "કોઈ શો પિકઅપ",
        "house": "ઘર",
        "flat": "ફ્લેટ",
        "block": "અવરોધ",
        "blockNumber": "અવરોધ",
        "appartment": "પાયો",
        "road": "માર્ગ",
        "area": "વિસ્તાર",
        "saveThis": "આ સાચવો",
        "addressAs": "સરનામું",
        "areYou": "તમે છો",
        "sureYou": "તમને ખાતરી છે",
        "wantTo": "માંગતા",
        "smsSent": "એસ.એમ.એસ.",
        "successfullty": "સફળતાપૂર્વક",
        "anOtp": "એક ઓટીપી",
        "hasBeen": "રહી છે",
        "sentAt": "નેતૃત્વ",
        "yourRegistered": "તમારા નોંધાયેલા",
        "otpRetry": "ઓટીપી ફરી પ્રયાસ કરો",
        "in00.30Secs": "00.30 સેકંડમાં",
        "": "#VALUE!",
        "welcome": "આવકાર્ય",
        "toSarvmai": "સર્વા.એ.આઈ.",
        "enterMobileNumber": "મોબાઇલ નંબર દાખલ કરો",
        "verificationCode": "ચકાસણી સંજ્ઞા",
        "resendOtp": "ઓટીપી બદલો",
        "shopAddress": "દુકાનનું સરનામું",
        "searchYourAddress": "તમારું સરનામું શોધો",
        "enterDetails": "વિગતો દાખલ કરો",
        "businessName": "ધંધાનું નામ",
        "shopNo": "દુકાન નં.",
        "building/Locality": "મકાન/વિસ્તાર",
        "saveAndContinue": "સાચવો અને ચાલુ રાખો",
        "specifyWorkingTime": "કાર્યકારી સમયનો ઉલ્લેખ કરો",
        "sameForEveryDay": "દરેક દિવસ માટે",
        "skip": "છોડો",
        "save&Continue": "સાચવો અને ચાલુ રાખો",
        "startTime": "પ્રારંભ સમય",
        "endTime": "અંતનો સમય",
        "done": "કામ",
        "Kyc": "કેવાયસી",
        "father'sName": "પિતાનું નામ",
        "dob": "ડબ",
        "uploadProofIdentity": "સાબિતી ઓળખ અપલોડ કરો",
        "adharCard": "અવધર કાર્ડ",
        "idCardNo.": "આઈડી કાર્ડ નંબર",
        "uploadPanCard": "પાન કાર્ડ અપલોડ કરો",
        "panCardNo": "પાન કાર્ડ નંબર",
        "uploadFileForm": "માંથી ફાઇલ અપલોડ કરો",
        "bankDetails": "બેંકની વિગત",
        "BeneficiaryName": "લાભકારી નામ",
        "bankName": "બેંકનું નામ",
        "accountNo": "ખાતા નં.",
        "ifsc": "આઈએફએસએસસી",
        "uploadPassbookPhoto": "પાસબુક ફોટો અપલોડ કરો",
        "pendingOrders": "બાકી હુકમ",
        "details": "વિગતો",
        "inventory": "સૂચિ",
        "management": "સંચાલન",
        "order": "હુકમ",
        "expenses": "ખર્ચ",
        "crm": "કળ",
        "customer": "ગ્રાહક",
        "service": "સેવા",
        "b2bBuy": "બી 2 બી ખરીદો",
        "promote": "પ્રચાર કરવો",
        "user": "વાપરનાર",
        "P&L": "પી એન્ડ એલ",
        "subscription": "લવા.",
        "catalog": "સૂચિ",
        "usermanagement": "વપરાશકર્તા વ્યવસ્થા",
        "search": "શોધ",
        "addUser": "વપરાશકર્તા ઉમેરો",
        "reset": "ફરીથી સેટ કરવું",
        "personal": "અંગત",
        "identity": "ઓળખ",
        "emergencyContact": "કટોકટીનો સંપર્ક",
        "employeeId": "કર્મચારી",
        "fullName": "પૂરું નામ",
        "assignRoles": "ભજવણી કરવી",
        "emailAddress*": "ઇમેઇલ",
        "mobileNumber*": "મોબાઇલ નંબર *",
        "education": "શિક્ષણ",
        "AddressLine": "સરનામા",
        "userManagement": "વપરાશકર્તા વ્યવસ્થા",
        "roles": "ભૂમિકા",
        "dateOfJoining*": "જોડાવાની તારીખ *",
        "uploadAdhaarCard": "અવહણ કાર્ડ અપલોડ કરો",
        "clear": "ચોખ્ખુ",
        "profilePhoto": "પ્રોફાઇલ -ફોટો",
        "basicSalaryPerMonth": "દર મહિને મૂળભૂત પગાર",
        "previous": "અગાઉના",
        "EmergencyContactNumber*": "કટોકટી સંપર્ક નંબર *",
        "contactName*": "સંપર્ક નામ *",
        "relationship": "સંબંધ",
        "userCreatedSuccessfully": "વપરાશકર્તા સફળતાપૂર્વક બનાવેલ છે",
        "yay!": "હા!",
        "doj": "જોડાવાની તારીખ",
        "inventoryManager,..": "ઇન્વેન્ટરી મેનેજર, ...",
        "empId": "ઈ.",
        "activate": "સક્રિય કરવું",
        "deactivate": "નિષ્ક્રિય કરવું",
        "phone": "કણ",
        "deletedSuccessfully!": "સફળતાપૂર્વક કા deleted ી નાખ્યું!",
        "voterId": "મતદાર આઈડી",
        "drivingLicense": "ગાડી ચલાવવાની પરવાનગી",
        "updateChanges": "ફેરફારો અપડેટ કરો",
        "deactiveToDelete": "કા delete ી નાખવા માટે નિષ્ક્રિય",
        "groceries": "કરચાળો",
        "fishes": "માછલીઓ",
        "meat": "માંસ",
        "dairy": "ડેરી",
        "tropicalFruits": "ઉષ્ણકટિબંધીય ફળ",
        "drupe": "ક drંગું",
        "pome": "મડકા",
        "berry": "લહેરી",
        "others": "અન્ય",
        "bakery": "બેકરી",
        "flowers": "ફૂલો",
        "nuts": "ક nutંગું",
        "legume": "શાકભાજી",
        "capsules": "શણગાર",
        "updateExisting": "હાલના અપડેટ કરો",
        "showAll": "બધું બતાવો",
        "to": "પ્રતિ",
        "tropical": "ઉષ્ણકટિબંધનું",
        "dragonFruit": "ડ્રેગન ફળ",
        "select": "પસંદ કરો",
        "fruit": "ફળ",
        "passionFruit": "ઉત્કટ ફળ",
        "rambutan": "રેમ્બુટાન",
        "acail": "આરી",
        "jackFruit": "જેક ફળ",
        "mangosteen": "કેરી",
        "lychee": "લીટી",
        "productDetails": "ઉત્પાદન વિગતો",
        "general": "સામાન્ય",
        "sellingOption": "વેચાણ વિકલ્પ",
        "returnOption": "વળતર વિકલ્પ",
        "soldBy": "ના દ્વારા વેચાણ",
        "kilogram": "કિલોગ્રામ",
        "liter": "લિટર",
        "placeOfOrigin": "ઉદભવ ની જગ્યા",
        "AboutProduct": "ઉત્પાદન વિશે",
        "grading": "ક્રમ",
        "quantity": "જથ્થો",
        "returnWithin": "અંદર પાછા ફરો",
        "noReturn": "પરત ફરતું નથી",
        "sameDay": "તે જ દિવસે",
        "nextDay": "બીજા દિવસે",
        "costPrice": "પડતી કિંમત",
        "Hrs": "કલા",
        "sku": "છીનવી લેવું",
        "maxQtyPerOrder": "મહત્તમ. ઓર્ડર દીઠ QTY",
        "stockStatus": "સ્ટ stockકનો દરજ્જો",
        "regularPrice": "નિયમિત ભાવ",
        "inStock": "ઉપલબ્ધ છે",
        "outOfStock": "તદ્દન નિવેડો",
        "discountPrice": "વિતરિત કિંમત",
        "days": "દિવસ",
        "hours": "સમય",
        "saveProduct": "ઉત્પાદન સાચવો",
        "productAddedSuccessfully": "ઉત્પાદન સફળતાપૂર્વક ઉમેર્યું",
        "addPhoto": "ફોટો ઉમેરો",
        "productListedSuccessfully": "સફળતાપૂર્વક સૂચિબદ્ધ ઉત્પાદન",
        "pendingDetails": "બાકી વિગતો",
        "listed": "સૂચિબદ્ધ",
        "unlisted": "અસ્વીકારિત",
        "tropicalFruit(7)": "ઉષ્ણકટિબંધીય ફળ (7)",
        "viewALl": "બધુજ જુઓ",
        "addDetail": "વિગતવાર ઉમેરો",
        "unlist": "બિન -લેખક",
        "drupeFruit(10)": "Drupe ફળ (10)",
        "aboutProduct": "ઉત્પાદન વિશે",
        "costprice": "પડતી કિંમત",
        "mini.PricePerOrder": "મીની. કિંમત",
        "customerPickup": "ગ્રાહકની દુકાન",
        "ownDelivery": "પોતાની વહેંચણી",
        "thirdParty": "ત્રીજો પક્ષ",
        "processignTime": "પ્રક્રિયા સમય",
        "Mins": "કણ",
        "pickupSlots": "સ્લોટ્સ",
        "delete": "કા delી નાખવું",
        "save": "બચત કરવી",
        "deliverySlots": "ડિલિવરી સ્લોટ્સ",
        "deliveryOptions": "ડિલિવરી વિકલ્પો",
        "distanceCovers": "અંતર",
        "Km": "કિ.મી.",
        "deliveryCharge": "વિતરણ ખર્ચ",
        "onOrdersMore": "વધુ ઓર્ડર પર",
        "than": "કરતાં",
        "enableFreeShipping": "મફત શિપિંગને સક્ષમ કરો",
        "capacity": "શક્તિ",
        "deliveryPartner": "વિતરણ ભાગીદાર",
        "finalThoughts": "અંતિમ વિચારો",
        "enterMobile": "મોબાઇલ નંબર દાખલ કરો",
        "numberFor": "ના નંબર",
        "otpVerification": "ઓટીપી ચકાસણી",
        "terms&Conditions": "શરતો અને નિયમો",
        "andPrivacyPolicy": "ગોપનીયતા નીતિ",
        "pleaseEnterThe": "કૃપા કરીને દાખલ કરો",
        "sentFor": "ને માટે",
        "theOtp": "ઓટીપી",
        "yourShop": "તમારી દુકાન",
        "workingHours": "કામ નાં કલાકો",
        "nameAsPer": "મુજબ નામ",
        "PanCard": "પાન કાર્ડ",
        "re-enter": "ફરી પ્રવેશ કરવો",
        "accountNo.": "ખાતા નં.",
        "areYouSure": "તમને ખાતરી છે?",
        "doYouWant": "તમે માંગો છો",
        "toDelete?": "કા delete ી નાખવા માટે?",
        "youCannotDelete": "તમે કા delete ી શકતા નથી",
        "activeUser!": "સક્રિય વપરાશકર્તા!",
        "selectCategory": "કેટેગરી પસંદ કરો",
        "toAddProduct": "ઉત્પાદન ઉમેરવા માટે",
        "mini.qty": "મીની. Q",
        "perOrder": "ક્રમમાં",
        "yourUnsaved": "તમારા વણસાચ",
        "detailsWill": "વિગતો હશે",
        "beLost": "ખોવાઈ જાય છે.",
        "saveChanges": "ફેરફારો સંગ્રહ",
        "beforeClosing": "બંધ કરતા પહેલા",
        "wouldYouLike": "તમને ગમશે",
        "toMoveTo": "આગળ વધવું",
        "listedItem": "સૂચિબદ્ધ વસ્તુ",
        "max.qty": "મહત્તમ. q",
        "rambutanIs": "રેમ્બુટાન છે",
        "movedTo": "માં",
        "BPLID": "બીપીએલ આઈડી",
        "pickupAnd": "ઉપાય અને",
        "imSelling": "હું વેચાણ કરું છું",
        "searchBy": "દ્વારા શોધ કરો",
        "fruitsCategory": "ફળ",
        "selectFruits": "ફળો પસંદ કરો",
        "drupeFruit": "Drupe ફળ",
        "pomeFruit": "પોમ ફળ",
        "saveContinue": "સાચવો અને ચાલુ રાખો",
        "miniQty": "મીની.કટી",
        "maxQty": "મહત્તમ QTY",
        "miniPrice": "લઘુ -કિંમત",
        "producAdded": "ઉત્પાદન",
        "successfullyYay": "સફળતાપૂર્વક યે",
        "wouldYou": "તમે છો",
        "likeTo": "ગમગીન",
        "moveTo": "ખસેડવું",
        "ListedItem": "સૂચિબદ્ધ વસ્તુ",
        "areYouDelivering": "શું તમે ડિલિવરી કરી રહ્યા છો?",
        "procesingTime": "પ્રક્રિયા સમય",
        "onOrder": "ના હુકમ પર",
        "enableFree": "મફત સક્ષમ કરો",
        "shipping": "વહાણ પરિવહન",
        "availOur": "અમારા માટે લાભ",
        "deliveryService": "વિતરણ સેવા",
        "DelieveryPartner": "વિતરણ ભાગીદાર",
        "ChooseYourLanguage": "તમારી ભાષા પસંદ કરો",
        "SearchLanguage": "શોધ ભાષા",
        "EntermobilenumberforOTP verification": "ઓટીપી ચકાસણી માટે મોબાઇલ નંબર દાખલ કરો",
        "Pleaseentetheverificationcodesentfor": "કૃપા કરીને માટે મોકલેલો ચકાસણી કોડ દાખલ કરો",
        "Selectyourlanguagehere": "તમારી ભાષા અહીં પસંદ કરો",
        "Addressdetail": "સરનામું",
        "PanProof": "પાન પ્રૂફ",
        "FixedRetailershop": "નિયત રિટેલર દુકાન",
        "MobileRetailershop": "ફરતી રિટેલર દુકાન",
        "Iown": "હું માલિક",
        "Membershipplan": "સભ્યપદ યોજના",
        "PerMonth": "દર મહિને",
        "Basic": "પાયાની",
        "Onlineshopspace": "Shop નલાઇન દુકાનની જગ્યા",
        "Sell/purchase": "વેચાણ/ખરીદી",
        "Creditmanagement": "શાખ વ્યવસ્થા",
        "Owndelivery": "પોતાની વહેંચણી",
        "Onlinepayment": "ચુકવણી",
        "Catalougepayment": "નિર્મળ ચુકવણી",
        "PerOrderManagement": "હુકમનું સંચાલન",
        "Managecustomers": "ગ્રાહકોનું સંચાલન કરો",
        "BuyNow": "હમણાં જ ખરીદો",
        "Skip": "છોડો",
        "Close": "બંધ",
        "Open": "ખુલ્લા",
        "ReferandEarn": "સંદર્ભ લો અને કમાવો",
        "Shoppicture": "દુકાનની તસવીર",
        "Edit": "સંપાદન કરવું",
        "Mywallet": "મારું પાકીટ",
        "MyRewards": "મારા પુરસ્કારો",
        "Invitepeoplefromyournetworkandlearncashrewards": "તમારા નેટવર્કના લોકોને આમંત્રણ આપો અને રોકડ પુરસ્કારો શીખો",
        "Getcashrewardsupto": "ત્યાં સુધી રોકડ પુરસ્કારો મેળવો",
        "Invite": "આમંત્રિત",
        "ReferralStatus": "સંદર્ભની દરજ્જો",
        "TotalReferal": "કુલ સંદર્ભ",
        "Acknowledge": "સ્વીકારવું",
        "Signup": "સાઇનઅપ",
        "Order": "હુકમ",
        "ProfileComplete": "મોં",
        "Referred": "સંદર્ભ આપવો",
        "invite": "આમંત્રિત",
        "Indiidual": "સહજ",
        "Deliveryvalet": "ડિલિવરી વ let લેટ",
        "Wholeseller": "જથ્થા",
        "Farmer": "ખેડૂત",
        "Trader/Broker": "વેપારી/દલાલ",
        "Deliverypartner": "વિતરણ ભાગીદાર",
        "InviteeMobileNumber": "આમંત્રણ મોબાઈલ નંબર",
        "ReferralSMSsendsucessfully": "રેફરલ એસએમએસ સફળ રીતે મોકલે છે",
        "RequestingReferretoGiveaMissCallon": "મિસ ક call લ આપવા માટે રેફરજની વિનંતી કરો",
        "TotalRewardsEarn": "કુલ પુરસ્કારો કમાય છે",
        "MyReferrals": "મારા સંદર્ભો",
        "IncreaseEarningBy": "આવકમાં વધારો",
        "IncreaseReferralEarningonEachsucessfuinvite": "દરેક સફળ આમંત્રણ પર રેફરલ કમાણીમાં વધારો",
        "Youcanwin": "તમે જીતી શકો છો",
        "YouWon": "તમે જીત્યા",
        "ByReferring": "ઉલ્લેખ કરીને",
        "Completed": "પૂર્ણ",
        "Incompleted": "અપૂર્ણ",
        "Referralstatus": "સંદર્ભની દરજ્જો",
        "Orderd": "આદેશ આપ્યો",
        "First order": "પ્રથમ ક્રમ",
        "ProfileCompleted": "પ્રોફાઇલ પૂર્ણ",
        "Reminder": "સ્મૃતિપત્ર"
    }
}