{
    "System": {
        "item": "वस्तु",
        "product": "उत्पाद",
        "price": "कीमत",
        "cost": "लागत",
        "name": "नाम",
        "fruis": "फल",
        "address": "पता",
        "error": "गलती",
        "selectYourLanguage": "अपनी भाषा का चयन करें",
        "selectYourPreference": "अपनी पसंद चुनो",
        "vegetarian": "शाकाहारी",
        "nonVegetarian": "मांसाहारी",
        "getStarted": "शुरू हो जाओ",
        "selectYourCity": "अपने शहर का चयन करें",
        "procced": "आगे बढ़ना",
        "filters": "फिल्टर",
        "sortBy": "इसके अनुसार क्रमबद्ध करें",
        "veg": "शाकाहारी",
        "ratings4+": "रेटिंग 4+",
        "nearYou": "आप के पास",
        "mobileNumber": "मोबाइल नंबर",
        "otp": "ओटीपी",
        "continue": "जारी रखना",
        "call": "बुलाना",
        "sms": "एसएमएस",
        "whatsApp": "WhatsApp",
        "orderAgain": "फिर से आदेश देना",
        "currentLocation": "वर्तमान स्थान",
        "usingGps": "जीपीएस का उपयोग करना",
        "frequentlyUsed": "अक्सर खरीदा",
        "other": "अन्य",
        "work": "काम",
        "home": "घर",
        "recentSearch": "हाल ही में खोज",
        "selectLocation": "स्थान चुनें",
        "change": "परिवर्तन",
        "confirmLocation": "स्थान की पुष्टि करें",
        "distanceLessThan": "दूरी से कम",
        "km": "किमी",
        "moreThan": "इससे अधिक",
        "all": "सभी",
        "delivery": "वितरण",
        "pickUp": "उठाना",
        "previousOrder": "पिछला आदेश",
        "recommended": "अनुशंसित",
        "aboutSeller": "विक्रेता के बारे में",
        "sellingItems": "बेचना आइटम",
        "menu": "मेन्यू",
        "addToFavorites": "पसंदीदा में जोड़ो",
        "share": "शेयर करना",
        "shopInformation": "दुकान की सूचना",
        "more": "अधिक",
        "fruits": "फल",
        "vegetables": "सब्ज़ियाँ",
        "today": "आज",
        "tomorrow": "कल का दिन",
        "addQuantity": "मात्रा जोड़ें",
        "pieces": "टुकड़े",
        "numberOfpieces": "टुकड़ों की संख्या",
        "amount": "राशि",
        "viewCart": "गाडी देंखे",
        "orderSummary": "आदेश सारांश",
        "detailedBill": "विस्तृत बिल",
        "cartTotal": "कुल गाड़ी",
        "discount": "छूट",
        "total": "कुल",
        "selfPickup": "स्व चयन",
        "totalPayable": "कुल देय",
        "payAtPickup": "पिकअप पर भुगतान करें",
        "savedDetails": "बचाए गए विवरण",
        "debitAtmCard": "डेबिट/एटीएम कार्ड",
        "netBanking": "शुद्ध बैंकिंग",
        "addDebitCreditCard": "डेबिट/क्रेडिट कार्ड जोड़ें",
        "walletsUpi": "बटुए और यूपीआई",
        "phonepe": "phonepe",
        "paytm": "Paytm",
        "otherUpi": "अन्य",
        "paySecurely": "सुरक्षित रूप से भुगतान करें",
        "deliverAt": "",
        "noContact": "कोई संपर्क नहीं",
        "scheduledDelivery": "समय पर डिलीवरी",
        "am": "पूर्वाह्न",
        "pm": "बजे",
        "hour": "घंटा",
        "freeDelivery": "नि: शुल्क डिलिवरी",
        "enterCvv": "CVV दर्ज करें",
        "cardNumber": "कार्ड नंबर",
        "expiry": "समाप्ति",
        "nameOnCard": "कार्ड पर नाम।",
        "saveCardDetails": "कार्ड विवरण सहेजें",
        "icici": "आईसीआईसीआई",
        "sbi": "स्टेट बैंक ऑफ इंडिया",
        "hdfc": "एचडीएफसी",
        "moreBanks": "अधिक बैंक",
        "orderConfirmed": "ऑर्डर की पुष्टि की गई",
        "orderNumber": "क्रम संख्या",
        "payment": "भुगतान",
        "dateOfOrder": "आदेश की तिथि",
        "help": "मदद करना",
        "trackOrder": "ऑर्डर पर नज़र रखें",
        "activeOrder": "सक्रिय आदेश",
        "view": "राय",
        "chat": "बात करना",
        "orderDetails": "ऑर्डर का विवरण",
        "cancel": "रद्द करना",
        "support": "सहयोग",
        "orderTotal": "कुल आर्डर",
        "orderPlaced": "आदेश रखा",
        "orederAccepted": "आदेश स्वीकार किया गया",
        "processing": "प्रसंस्करण",
        "ready": "तैयार",
        "dispatched": "भेजा गया",
        "contactSeller": "विक्रेता से संपर्क कारें",
        "viewOrderSummary": "देखें आदेश सारांश",
        "addInstructions": "निर्देश जोड़ें",
        "myAccount": "मेरा खाता",
        "favorite": "पसंदीदा",
        "settings": "समायोजन",
        "myAddress": "मेरा पता",
        "myFamily": "मेरा परिवार",
        "refer": "उद्घृत करना",
        "individual": "व्यक्तिगत",
        "busness": "व्यापार",
        "postOrder": "पोस्ट ऑर्डर",
        "logout": "लॉग आउट",
        "contactNumber": "संपर्क संख्या",
        "relation": "रिश्ता",
        "getOtp": "OTP प्राप्त करें",
        "enterOtp": "OTP दर्ज करें",
        "mail": "मेल",
        "facebook": "फेसबुक",
        "email": "ईमेल",
        "contact": "संपर्क Ajay करें",
        "update": "अद्यतन",
        "items": "सामान",
        "shops": "दुकानें",
        "allowLocation": "स्थान की अनुमति दें",
        "allowNotification": "अधिसूचना की अनुमति दें",
        "homeWork": "घर का पाठ",
        "addNewAddress": "नया पता जोड़ें",
        "landMark": "सीमाचिह्न",
        "saveAndProceed": "सहेजें और आगे बढ़ें",
        "termsAndConditions": "नियम और शर्तें",
        "faqs": "पूछे जाने वाले प्रश्न",
        "privacyPolicy": "गोपनीयता नीति",
        "contactUs": "संपर्क करें",
        "customerCare": "ग्राहक देखभाल",
        "customerCareNumber": "ग्राहक देखभाल संख्या",
        "yes": "हाँ",
        "no": "नहीं",
        "validateAgain": "फिर से मान्य करें",
        "employee": "कर्मचारी",
        "onboard": "सवार",
        "selfOnBoard": "स्वप्नल",
        "onboardByBuisness": "व्यवसाय द्वारा जहाज पर",
        "retailer": "फुटकर विक्रेता",
        "middleMan": "बिचौलिया",
        "former": "किसान",
        "phoneNumber": "फ़ोन नंबर",
        "houseNo": "माकन नंबर",
        "building": "इमारत",
        "street": "सड़क",
        "landmark": "सीमाचिह्न",
        "state": "राज्य",
        "city": "शहर",
        "pincode": "पिन कोड",
        "location": "स्थान",
        "submit": "प्रस्तुत",
        "editAddress": "पता संपादित करें",
        "addMember": "सदस्य जोड़ें",
        "deliveryWithin": "भीतर वितरण",
        "notification": "अधिसूचना",
        "voice": "आवाज़",
        "fruitsShop": "फलों की दुकान",
        "delivering": "देते",
        "notDelivering": "डिलीवर नहीं",
        "sellerProfile": "विक्रेता का ब्यौरा",
        "fabulous": "आश्चर्यजनक",
        "customerRated": "ग्राहक रेटेड",
        "searchLocation": "खोज स्थान",
        "shopByCategories": "श्रेणियों द्वारा दुकान",
        "next": "अगला",
        "shopInfo": "दुकान की जानकारी",
        "vegatables": "शख्स",
        "localGarden": "स्थानीय उद्यान",
        "confirm": "पुष्टि करें",
        "cancelOrder": "आदेश रद्द",
        "reffer": "उद्घृत करना",
        "business": "व्यवसाय",
        "pastOrders": "अतीत के आदेश",
        "viewMoreOrders": "अधिक आदेश देखें",
        "logOut": "लॉग आउट",
        "add": "जोड़ें",
        "verify": "सत्यापित करना",
        "refferBy": "द्वारा संदर्भित करना",
        "whatsapp": "व्हाट्स ऐप",
        "message": "संदेश",
        "editProfile": "प्रोफ़ाइल संपादित करें",
        "favoruites": "पक्षपात करना",
        "savedAddress": "सहेजा गया पता",
        "privacyPolicies": "गोपनीयता नीतियाँ",
        "byClicking": "क्लिक करके",
        "iAccept": "मुझे स्वीकार है",
        "theTerms": "शर्तें",
        "conditionsAnd": "",
        "priavacyPolicy": "गोपनीयता नीति।",
        "didn'tReceive": "प्राप्त नहीं हुआ",
        "verifyVia": "के माध्यम से सत्यापित करें",
        "pickupWithin": "",
        "addDebit": "डेबिट जोड़ें",
        "creditCard": "क्रेडिट कार्ड",
        "yourOrder": "आपका आदेश",
        "willBe": "होगा",
        "deliver": "",
        "pickupNoShow": "पिकअप नो शो",
        "house": "मकान",
        "flat": "समतल",
        "block": "अवरोध पैदा करना",
        "blockNumber": "ब्लॉक संख्या",
        "appartment": "अपार्टमेंट",
        "road": "सड़क",
        "area": "क्षेत्र",
        "saveThis": "इसे बचाएं",
        "addressAs": "के रूप में पता",
        "areYou": "क्या आप",
        "sureYou": "नि: संदेह आपको",
        "wantTo": "चाहना",
        "smsSent": "एसएमएस ने भेजा",
        "successfullty": "सफलतापूर्वक",
        "anOtp": "एक ओटीपी",
        "hasBeen": "रहा है",
        "sentAt": "पर भेजा गया",
        "yourRegistered": "आपका पंजीकृत",
        "otpRetry": "ओटीपी रिट्री",
        "in00.30Secs": "00.30 सेकंड में",
        "": "#VALUE!",
        "welcome": "स्वागत",
        "toSarvmai": "sarvm.ai को",
        "enterMobileNumber": "मोबाइल नंबर दर्ज करें",
        "verificationCode": "पुष्टि संख्या",
        "resendOtp": "ओटीपी पुनः भेजें",
        "shopAddress": "दुकान का पता",
        "searchYourAddress": "अपना पता खोजें",
        "enterDetails": "विवरण दर्ज करें",
        "businessName": "व्यवास्यक नाम",
        "shopNo": "दुकान सं।",
        "building/Locality": "भवन/स्थानीयता",
        "saveAndContinue": "सहेजें और जारी रखें",
        "specifyWorkingTime": "कार्य समय निर्दिष्ट करें",
        "sameForEveryDay": "हर दिन के लिए भी",
        "skip": "छोड़ें",
        "save&Continue": "सहेजें जारी रखें",
        "startTime": "समय शुरू",
        "endTime": "अंत समय",
        "done": "पूर्ण",
        "Kyc": "केवाईसी",
        "father'sName": "पिता का नाम",
        "dob": "जन्म तिथि",
        "uploadProofIdentity": "प्रूफ पहचान अपलोड करें",
        "adharCard": "अधार कार्ड",
        "idCardNo.": "पहचान पत्र क्रमांक।",
        "uploadPanCard": "पैन कार्ड अपलोड करें",
        "panCardNo": "पैन कार्ड नं।",
        "uploadFileForm": "से फ़ाइल अपलोड करें",
        "bankDetails": "बैंक विवरण",
        "BeneficiaryName": "लाभार्थी का नाम",
        "bankName": "बैंक का नाम",
        "accountNo": "खाता नंबर।",
        "ifsc": "IFSC",
        "uploadPassbookPhoto": "पासबुक फोटो अपलोड करें",
        "pendingOrders": "विचारधीन आदेश",
        "details": "विवरण",
        "inventory": "भंडार",
        "management": "प्रबंधन",
        "order": "आदेश",
        "expenses": "खर्च",
        "crm": "सीआरएम",
        "customer": "ग्राहक",
        "service": "सेवा",
        "b2bBuy": "B2b खरीदें",
        "promote": "पदोन्नति करना",
        "user": "उपयोगकर्ता",
        "P&L": "पी एंड एल",
        "subscription": "अंशदान",
        "catalog": "सूची",
        "usermanagement": "उपयोगकर्ता प्रबंधन",
        "search": "खोज",
        "addUser": "उपयोगकर्ता जोड़ें",
        "reset": "रीसेट",
        "personal": "निजी",
        "identity": "पहचान",
        "emergencyContact": "आपातकालीन संपर्क",
        "employeeId": "कर्मचारी आयडी",
        "fullName": "पूरा नाम",
        "assignRoles": "भूमिकाएँ सौंपें",
        "emailAddress*": "ईमेल",
        "mobileNumber*": "मोबाइल नंबर *",
        "education": "शिक्षा",
        "AddressLine": "पता पंक्ति",
        "userManagement": "उपयोगकर्ता प्रबंधन",
        "roles": "भूमिकाएँ",
        "dateOfJoining*": "शामिल होने की तिथि *",
        "uploadAdhaarCard": "अधार कार्ड अपलोड करें",
        "clear": "साफ़",
        "profilePhoto": "प्रोफ़ाइल तस्वीर",
        "basicSalaryPerMonth": "प्रति माह बुनियादी वेतन",
        "previous": "पिछला",
        "EmergencyContactNumber*": "आपातकालीन संपर्क नंबर *",
        "contactName*": "संपर्क नाम *",
        "relationship": "रिश्ता",
        "userCreatedSuccessfully": "उपयोगकर्ता ने सफलतापूर्वक बनाया",
        "yay!": "वाह!",
        "doj": "शामिल होने की तिथि",
        "inventoryManager,..": "सूची प्रबंधक,...",
        "empId": "ईएमपी आईडी",
        "activate": "सक्रिय",
        "deactivate": "निष्क्रिय करें",
        "phone": "फ़ोन",
        "deletedSuccessfully!": "सफलतापूर्वक मिटाया गया!",
        "voterId": "वोटर आईडी",
        "drivingLicense": "ड्राइविंग लाइसेंस",
        "updateChanges": "अद्यतन परिवर्तन",
        "deactiveToDelete": "हटाने के लिए निष्क्रिय",
        "groceries": "किराने का सामान",
        "fishes": "मछलियों का वर्ग",
        "meat": "मांस",
        "dairy": "डेरी",
        "tropicalFruits": "गर्म फल",
        "drupe": "ड्रूप",
        "pome": "सेब",
        "berry": "बेर",
        "others": "अन्य",
        "bakery": "बेकरी",
        "flowers": "पुष्प",
        "nuts": "पागल",
        "legume": "फली",
        "capsules": "कैप्सूल",
        "updateExisting": "मौजूदा को अद्यतन करे",
        "showAll": "सब दिखाएं",
        "to": "प्रति",
        "tropical": "उष्णकटिबंधीय",
        "dragonFruit": "ड्रैगन फल",
        "select": "चुनना",
        "fruit": "फल",
        "passionFruit": "कृष्णकमल फल",
        "rambutan": "रामबुटन",
        "acail": "एक प्रकार का",
        "jackFruit": "जैक फल",
        "mangosteen": "मंगोस्टीन",
        "lychee": "लीची",
        "productDetails": "उत्पाद विवरण",
        "general": "सामान्य",
        "sellingOption": "विक्रय विकल्प",
        "returnOption": "वापसी विकल्प",
        "soldBy": "द्वारा बेचा",
        "kilogram": "किलोग्राम",
        "liter": "लीटर",
        "placeOfOrigin": "उत्पत्ति का स्थान",
        "AboutProduct": "उत्पाद के बारे में",
        "grading": "ग्रेडिंग",
        "quantity": "मात्रा",
        "returnWithin": "भीतर वापस लौटना",
        "noReturn": "कोई वापसी नहीं",
        "sameDay": "उसी दिन",
        "nextDay": "अगले दिन",
        "costPrice": "लागत मूल्य",
        "Hrs": "घंटे",
        "sku": "स्कू",
        "maxQtyPerOrder": "अधिकतम। प्रति आदेश qty",
        "stockStatus": "स्टॉक की अवस्था",
        "regularPrice": "नियमित रूप से मूल्य",
        "inStock": "स्टॉक में",
        "outOfStock": "स्टॉक ख़त्म",
        "discountPrice": "डिस्काउंट मूल्य",
        "days": "दिन",
        "hours": "घंटे",
        "saveProduct": "सहेजें उत्पाद",
        "productAddedSuccessfully": "उत्पाद सफलतापूर्वक जोड़ा गया",
        "addPhoto": "फ़ोटो जोड़ें",
        "productListedSuccessfully": "उत्पाद सफलतापूर्वक सूचीबद्ध",
        "pendingDetails": "लंबित विवरण",
        "listed": "सूचीबद्ध",
        "unlisted": "गैर-सूचीबद्ध",
        "tropicalFruit(7)": "उष्णकटिबंधीय फल (7)",
        "viewALl": "सभी देखें",
        "addDetail": "विस्तार जोड़ें",
        "unlist": "असूचीबद्ध",
        "drupeFruit(10)": "Drupe फल (10)",
        "aboutProduct": "उत्पाद के बारे में",
        "costprice": "लागत मूल्य",
        "mini.PricePerOrder": "छोटा। कीमत",
        "customerPickup": "ग्राहक बढ़ाना",
        "ownDelivery": "अपनी सुपुर्दगी",
        "thirdParty": "तृतीय पक्ष",
        "processignTime": "प्रोसेसिंग समय",
        "Mins": "मिनट",
        "pickupSlots": "पिकअप स्लॉट",
        "delete": "मिटाना",
        "save": "बचाना",
        "deliverySlots": "वितरण स्लॉट",
        "deliveryOptions": "वितरण विकल्प",
        "distanceCovers": "दूरी कवर",
        "Km": "किमी",
        "deliveryCharge": "डिलीवरी चार्ज",
        "onOrdersMore": "आदेशों पर अधिक",
        "than": "बजाय",
        "enableFreeShipping": "मुफ़्त शिपिंग सक्षम करें",
        "capacity": "क्षमता",
        "deliveryPartner": "वितरण भागीदार",
        "finalThoughts": "अंतिम विचार",
        "enterMobile": "मोबाइल नंबर दर्ज करें",
        "numberFor": "के लिए संख्या",
        "otpVerification": "ओटीपी सत्यापन",
        "terms&Conditions": "नियम एवं शर्तें",
        "andPrivacyPolicy": "और गोपनीयता नीति",
        "pleaseEnterThe": "कृपया दर्ज करें",
        "sentFor": "के लिए भेजा गया",
        "theOtp": "ओटीपी",
        "yourShop": "आपकी दुकान",
        "workingHours": "काम करने के घंटे",
        "nameAsPer": "नाम के अनुसार",
        "PanCard": "पैन कार्ड",
        "re-enter": "पुन: दर्ज",
        "accountNo.": "खाता नंबर।",
        "areYouSure": "क्या आपको यकीन है।",
        "doYouWant": "क्या तुम चाहते हो",
        "toDelete?": "हटाना?",
        "youCannotDelete": "आप हटा नहीं सकते",
        "activeUser!": "सक्रिय उपयोगकर्ता!",
        "selectCategory": "श्रेणी चुनना",
        "toAddProduct": "उत्पाद जोड़ने के लिए",
        "mini.qty": "छोटा। क्यूटी",
        "perOrder": "आदेश प्रति",
        "yourUnsaved": "आपका अनसुना",
        "detailsWill": "विवरण होगा",
        "beLost": "दफा हो जाओ।",
        "saveChanges": "परिवर्तनों को सुरक्षित करें",
        "beforeClosing": "बंद होने से पहले",
        "wouldYouLike": "क्या आप एक चाहेंगे",
        "toMoveTo": "को स्थानांतरित करने को",
        "listedItem": "सूचीबद्ध आइटम",
        "max.qty": "अधिकतम। क्यूटी",
        "rambutanIs": "रामबुटन है",
        "movedTo": "में ले जाया गया",
        "BPLID": "बीपीएल आईडी",
        "pickupAnd": "पिकअप और",
        "imSelling": "मैं बेच रहा हूँ",
        "searchBy": "खोज से",
        "fruitsCategory": "फल श्रेणी",
        "selectFruits": "फलों का चयन करें",
        "drupeFruit": "फल",
        "pomeFruit": "गुड़ का फल",
        "saveContinue": "सहेजें जारी रखें",
        "miniQty": "Mini.qty",
        "maxQty": "मैक्स क्यूटी",
        "miniPrice": "मिनी कीमत",
        "producAdded": "उत्पाद जोड़ा गया",
        "successfullyYay": "सफलतापूर्वक याय",
        "wouldYou": "क्या आप श",
        "likeTo": "उसकी तरह",
        "moveTo": "करने के लिए कदम",
        "ListedItem": "सूचीबद्ध आइटम",
        "areYouDelivering": "क्या आप वितरित कर रहे हैं?",
        "procesingTime": "प्रोसेसिंग समय",
        "onOrder": "आदेश पर",
        "enableFree": "मुक्त सक्षम करें",
        "shipping": "शिपिंग",
        "availOur": "हमारा लाभ उठाएं",
        "deliveryService": "वितरण सेवा",
        "DelieveryPartner": "वितरण भागीदार",
        "ChooseYourLanguage": "अपनी भाषा चुनिए",
        "SearchLanguage": "खोज भाषा",
        "EntermobilenumberforOTP verification": "OTP सत्यापन के लिए मोबाइल नंबर दर्ज करें",
        "Pleaseentetheverificationcodesentfor": "कृपया के लिए भेजे गए सत्यापन कोड दर्ज करें",
        "Selectyourlanguagehere": "यहां अपनी भाषा चुनें",
        "Addressdetail": "पता विवरण",
        "PanProof": "पैन प्रूफ",
        "FixedRetailershop": "नियत रिटेलर दुकान",
        "MobileRetailershop": "मोबाइल रिटेलर दुकान",
        "Iown": "मैं खुद",
        "Membershipplan": "सदस्यता योजना",
        "PerMonth": "प्रति महीने",
        "Basic": "बुनियादी",
        "Onlineshopspace": "ऑनलाइन शॉप स्पेस",
        "Sell/purchase": "बेचना/खरीद",
        "Creditmanagement": "ऋण प्रबंधन",
        "Owndelivery": "अपनी सुपुर्दगी",
        "Onlinepayment": "ऑनलाइन भुगतान",
        "Catalougepayment": "कैटाल्यूज भुगतान",
        "PerOrderManagement": "प्रति आदेश प्रबंधन",
        "Managecustomers": "ग्राहकों का प्रबंधन करें",
        "BuyNow": "अभी खरीदें",
        "Skip": "छोड़ें",
        "Close": "बंद करना",
        "Open": "खुला हुआ",
        "ReferandEarn": "देखें और अर्जित करना",
        "Shoppicture": "दुकान की तस्वीर",
        "Edit": "संपादन करना",
        "Mywallet": "मेरा बटुआ",
        "MyRewards": "मेरे पुरस्कार",
        "Invitepeoplefromyournetworkandlearncashrewards": "अपने नेटवर्क से लोगों को आमंत्रित करें और नकद पुरस्कार सीखें",
        "Getcashrewardsupto": "नकद पुरस्कार प्राप्त करें",
        "Invite": "आमंत्रित करना",
        "ReferralStatus": "रेफरल स्थिति",
        "TotalReferal": "कुल संदर्भ",
        "Acknowledge": "स्वीकार करना",
        "Signup": "साइन अप करें",
        "Order": "आदेश",
        "ProfileComplete": "प्रोफ़ाइल पूर्ण",
        "Referred": "निर्दिष्ट",
        "invite": "आमंत्रित करना",
        "Indiidual": "इशारा",
        "Deliveryvalet": "सुपुर्दगी",
        "Wholeseller": "थोक",
        "Farmer": "किसान",
        "Trader/Broker": "व्यापारी/दलाल",
        "Deliverypartner": "वितरण भागीदार",
        "InviteeMobileNumber": "आमंत्रित मोबाइल नंबर",
        "ReferralSMSsendsucessfully": "रेफरल एसएमएस sucessly भेजें",
        "RequestingReferretoGiveaMissCallon": "एक मिस कॉल देने के लिए रेफरेंट का अनुरोध करना",
        "TotalRewardsEarn": "कुल पुरस्कार अर्जित करें",
        "MyReferrals": "मेरा सिफ़ारिशें",
        "IncreaseEarningBy": "द्वारा कमाई में वृद्धि",
        "IncreaseReferralEarningonEachsucessfuinvite": "प्रत्येक sucessful निमंत्रण पर रेफरल कमाई बढ़ाएं",
        "Youcanwin": "तुम जीत सकते हो",
        "YouWon": "आप जीते",
        "ByReferring": "संदर्भ देकर",
        "Completed": "पूरा हुआ",
        "Incompleted": "अपूर्ण",
        "Referralstatus": "रेफरल स्थिति",
        "Orderd": "आदेश",
        "First order": "पहले के आदेश",
        "ProfileCompleted": "प्रोफ़ाइल पूरा हुआ",
        "Reminder": "अनुस्मारक"
    }
}