{
    "System": {
        "item": "ವಾಸ್ತು",
        "product": "",
        "price": "ಬೆಲೆ",
        "cost": "ಬೆಲೆ",
        "name": "",
        "fruis": "फल",
        "address": "ಭಾಷಣ",
        "error": "ದೋಷ",
        "selectYourLanguage": "",
        "selectYourPreference": "ನಿಮ್ಮ ಆದ್ಯತೆಯನ್ನು ಆಯ್ಕೆಮಾಡಿ",
        "vegetarian": "ಸಸ್ಯಾಹಾರಿ",
        "nonVegetarian": "ಮಾಂಸಾಹಾರಿ",
        "getStarted": "ಪ್ರಾರಂಭಿಸಿ",
        "selectYourCity": "ನಿಮ್ಮ ನಗರವನ್ನು ಆಯ್ಕೆಮಾಡಿ",
        "procced": "ಮುಂದುವರೆಯಲು",
        "filters": "ಕವಚ",
        "sortBy": "ವಿಂಗಡಿಸು",
        "veg": "ಸಸ್ಯಾಹಾರಿ",
        "ratings4+": "ರೇಟಿಂಗ್ 4+",
        "nearYou": "ನಿನ್ನ ಹತ್ತಿರ",
        "mobileNumber": "",
        "otp": "",
        "continue": "",
        "call": "ಮತ್ತೆ ಆದೇಶಿಸಿ",
        "sms": "ಈಗಿನ ಸ್ಥಳ",
        "whatsApp": "ಜಿಪಿಎಸ್ ಬಳಸುವುದು",
        "orderAgain": "ಆಗಾಗ್ಗೆ ಬಳಸಲಾಗುತ್ತದೆ",
        "currentLocation": "ಬೇರೆ",
        "usingGps": "ಕೆಲಸ",
        "frequentlyUsed": "ಮೆಚ್ಚಿನವುಗಳಿಗೆ ಸೇರಿಸಿ",
        "other": "ಇತ್ತೀಚಿನ ಹುಡುಕಾಟ",
        "work": "ಸ್ಥಳವನ್ನು ಆಯ್ಕೆಮಾಡಿ",
        "home": "",
        "recentSearch": "ಸ್ಥಳವನ್ನು ದೃ irm ೀಕರಿಸಿ",
        "selectLocation": "ಕಡಿಮೆ ದೂರ",
        "change": "ಕಿಮೀ",
        "confirmLocation": "ಹೆಚ್ಚು",
        "distanceLessThan": "ಎಲ್ಲರೂ",
        "km": "ವಿತರಣೆ",
        "moreThan": "",
        "all": "",
        "delivery": "",
        "pickUp": "ವಸ್ತುಗಳನ್ನು ಮಾರಾಟ ಮಾಡುವುದು",
        "previousOrder": "ಮೆಳ್ಳಿ",
        "recommended": "ಹಂಚು",
        "aboutSeller": "ಶಾಪಿಂಗ್ ಮಾಹಿತಿ",
        "sellingItems": "ಆಫ್",
        "menu": "ಫಲ",
        "addToFavorites": "",
        "share": "ಇಂದು",
        "shopInformation": "ನಾಳೆ",
        "more": "ಪ್ರಮಾಣವನ್ನು ಸೇರಿಸಿ",
        "fruits": "",
        "vegetables": "",
        "today": "ಮೊತ್ತ",
        "tomorrow": "ಕಾರ್ಟ್ ವೀಕ್ಷಿಸಿ",
        "addQuantity": "",
        "pieces": "",
        "numberOfpieces": "ಕಾರ್ಟ್ ಒಟ್ಟು",
        "amount": "ರಿಯಾಯಿತಿ",
        "viewCart": "",
        "orderSummary": "ಪಾವತಿಸಬೇಕಾದ ಒಟ್ಟು",
        "detailedBill": "ಪಿಕಪ್ನಲ್ಲಿ ಪಾವತಿಸಿ",
        "cartTotal": "ಉಳಿಸಿದ ವಿವರಗಳು",
        "discount": "ಡೆಬಿಟ್/ಎಟಿಎಂ ಕಾರ್ಡ್",
        "total": "ನಿವ್ವಳ ಬ್ಯಾಂಕಿಂಗ್",
        "selfPickup": "ಡೆಬಿಟ್/ಕ್ರೆಡಿಟ್ ಕಾರ್ಡ್ ಸೇರಿಸಿ",
        "totalPayable": "ಕೈಚೀಲಗಳು ಮತ್ತು ಯುಪಿಐ",
        "payAtPickup": "ಫನ್‌ಪೆ",
        "savedDetails": "ಪೇಟಿಎಂ",
        "debitAtmCard": "ಇತರ ಯುಪಿಐ",
        "netBanking": "ಸುರಕ್ಷಿತವಾಗಿ ಪಾವತಿಸಿ",
        "addDebitCreditCard": "ನಲ್ಲಿ ತಲುಪಿಸಿ",
        "walletsUpi": "ಸಂಪರ್ಕವಿಲ್ಲ",
        "phonepe": "ನಿಗದಿತ ವಿತರಣೆ",
        "paytm": "ಅಮ್",
        "otherUpi": "ನಮ್ಮನ್ನು ಸಂಪರ್ಕಿಸಿ",
        "paySecurely": "",
        "deliverAt": "",
        "noContact": "ಸಿವಿವಿ ನಮೂದಿಸಿ",
        "scheduledDelivery": "ಕಾರ್ಡ್ ಸಂಖ್ಯೆ",
        "am": "ಅವಧಿ ಮುಗಿಸು",
        "pm": "ಕಾರ್ಡ್ನಲ್ಲಿ ಹೆಸರು.",
        "hour": "ಕಾರ್ಡ್ ವಿವರಗಳನ್ನು ಉಳಿಸಿ",
        "freeDelivery": "",
        "enterCvv": "ಸೇನೆಯ",
        "cardNumber": "ಎಚ್ಡಿಎಫ್ಸಿ",
        "expiry": "ಹೆಚ್ಚು ಬ್ಯಾಂಕುಗಳು",
        "nameOnCard": "ಆದೇಶವನ್ನು ದೃ confirmed ಪಡಿಸಲಾಗಿದೆ",
        "saveCardDetails": "ಆದೇಶ ಸಂಖ್ಯೆ",
        "icici": "ಪಾವತಿ",
        "sbi": "ಆದೇಶದ ದಿನಾಂಕ",
        "hdfc": "ಸಹಾಯ ಮಾಡು",
        "moreBanks": "ಟ್ರ್ಯಾಕ್ ಆದೇಶ",
        "orderConfirmed": "ಸಕ್ರಿಯ ಕ್ರಮ",
        "orderNumber": "",
        "payment": "",
        "dateOfOrder": "ರದ್ದುಮಾಡು",
        "help": "",
        "trackOrder": "",
        "activeOrder": "ಪಾವತಿ",
        "view": "",
        "chat": "",
        "orderDetails": "",
        "cancel": "",
        "support": "",
        "orderTotal": "ಆದೇಶ ಸಾರಾಂಶವನ್ನು ವೀಕ್ಷಿಸಿ",
        "orderPlaced": "ಸೂಚನೆಗಳನ್ನು ಸೇರಿಸಿ",
        "orederAccepted": "ನನ್ನ ಖಾತೆ",
        "processing": "ನೆಚ್ಚಿನ",
        "ready": "ಸಂಯೋಜನೆಗಳು",
        "dispatched": "ನನ್ನ ವಿಳಾಸ",
        "contactSeller": "ಉಲ್ಲೇಖಿಸು",
        "viewOrderSummary": "ವ್ಯಕ್ತಿ",
        "addInstructions": "",
        "myAccount": "ಪೋಸ್ಟ್ ಆದೇಶ",
        "favorite": "ಲಾಗ್ ಔಟ್",
        "settings": "ಹೆಸರು",
        "myAddress": "ಸಂಪರ್ಕ ಸಂಖ್ಯೆ",
        "myFamily": "",
        "refer": "ಒಟಿಪಿ ಪಡೆಯಿರಿ",
        "individual": "",
        "busness": "ನಗರ",
        "postOrder": "ಫೇಸ್‌ಫೆಕ್",
        "logout": "ಹೆಸರು",
        "contactNumber": "ಸಂಪರ್ಕ",
        "relation": "",
        "getOtp": "",
        "enterOtp": "",
        "mail": "ಅಂಗಡಿ",
        "facebook": "",
        "email": "",
        "contact": "ಮನೆಕೆಲಸ",
        "update": "",
        "items": "ಉಳಿಸಿ ಮತ್ತು ಮುಂದುವರಿಯಿರಿ",
        "shops": "",
        "allowLocation": "FAQS",
        "allowNotification": "ಗೌಪ್ಯತಾ ನೀತಿ",
        "homeWork": "ಗ್ರಾಹಕ ಆರೈಕೆ",
        "addNewAddress": "ಗ್ರಾಹಕ ಆರೈಕೆ ಸಂಖ್ಯೆ",
        "landMark": "ಮತ್ತೆ ಮೌಲ್ಯೀಕರಿಸಿ",
        "saveAndProceed": "ವ್ಯಕ್ತಿ",
        "termsAndConditions": "ವ್ಯವಹಾರ",
        "faqs": "",
        "privacyPolicy": "ಸ್ವಯಂ ಆನ್‌ಬೋರ್ಡ್",
        "contactUs": "",
        "customerCare": "",
        "customerCareNumber": "ಮಧ್ಯವರ್ತಿ",
        "yes": "",
        "no": "",
        "validateAgain": "ಬೀದಿ",
        "employee": "ಹೆಗ್ಗುರುತು",
        "onboard": "ಒಂದು ತರುಣ",
        "selfOnBoard": "ಸ್ಥಳ",
        "onboardByBuisness": "ಸಲ್ಲಿಸು",
        "retailer": "ವಿಳಾಸವನ್ನು ಸಂಪಾದಿಸಿ",
        "middleMan": "ಸದಸ್ಯರನ್ನು ಸೇರಿಸಿ",
        "former": "ಒಳಗೆ ವಿತರಣೆ",
        "phoneNumber": "ಮನೆ",
        "houseNo": "ಅಧೀನೀಕರಣ",
        "building": "ಧ್ವನಿ",
        "street": "",
        "landmark": "",
        "state": "ತಲುಪಿಸುತ್ತಿಲ್ಲ",
        "city": "",
        "pincode": "",
        "location": "ಗ್ರಾಹಕ ರೇಟ್ ಮಾಡಲಾಗಿದೆ",
        "submit": "ಸ್ಥಳವನ್ನು ಹುಡುಕಿ",
        "editAddress": "",
        "addMember": "",
        "deliveryWithin": "",
        "notification": "",
        "voice": "",
        "fruitsShop": "",
        "delivering": "",
        "notDelivering": "",
        "sellerProfile": "",
        "fabulous": "",
        "customerRated": "",
        "searchLocation": "",
        "shopByCategories": "",
        "next": "",
        "shopInfo": "",
        "vegatables": "",
        "localGarden": "",
        "confirm": "",
        "cancelOrder": "",
        "reffer": "",
        "business": "",
        "pastOrders": "",
        "viewMoreOrders": "",
        "logOut": "",
        "add": "",
        "verify": "",
        "refferBy": "",
        "whatsapp": "",
        "message": "",
        "editProfile": "",
        "favoruites": "",
        "savedAddress": "",
        "privacyPolicies": "",
        "byClicking": "",
        "iAccept": "",
        "theTerms": "",
        "conditionsAnd": "",
        "priavacyPolicy": "",
        "didn'tReceive": "",
        "verifyVia": "",
        "pickupWithin": "",
        "addDebit": "",
        "creditCard": "",
        "yourOrder": "",
        "willBe": "",
        "deliver": "",
        "pickupNoShow": "",
        "house": "",
        "flat": "",
        "block": "",
        "blockNumber": "",
        "appartment": "",
        "road": "",
        "area": "",
        "saveThis": "",
        "addressAs": "",
        "areYou": "",
        "sureYou": "",
        "wantTo": "",
        "smsSent": "",
        "successfullty": "",
        "anOtp": "",
        "hasBeen": "",
        "sentAt": "",
        "yourRegistered": "",
        "otpRetry": "",
        "in00.30Secs": "",
        "": "",
        "welcome": "",
        "toSarvmai": "",
        "enterMobileNumber": "",
        "verificationCode": "",
        "resendOtp": "",
        "shopAddress": "",
        "searchYourAddress": "",
        "enterDetails": "",
        "businessName": "",
        "shopNo": "",
        "building/Locality": "",
        "saveAndContinue": "",
        "specifyWorkingTime": "",
        "sameForEveryDay": "",
        "skip": "",
        "save&Continue": "",
        "startTime": "",
        "endTime": "",
        "done": "",
        "Kyc": "",
        "father'sName": "",
        "dob": "",
        "uploadProofIdentity": "",
        "adharCard": "",
        "idCardNo.": "",
        "uploadPanCard": "",
        "panCardNo": "",
        "uploadFileForm": "",
        "bankDetails": "",
        "BeneficiaryName": "",
        "bankName": "",
        "accountNo": "",
        "ifsc": "",
        "uploadPassbookPhoto": "",
        "pendingOrders": "",
        "details": "",
        "inventory": "",
        "management": "",
        "order": "",
        "expenses": "",
        "crm": "",
        "customer": "",
        "service": "",
        "b2bBuy": "",
        "promote": "",
        "user": "",
        "P&L": "",
        "subscription": "",
        "catalog": "",
        "usermanagement": "",
        "search": "",
        "addUser": "",
        "reset": "",
        "personal": "",
        "identity": "",
        "emergencyContact": "",
        "employeeId": "",
        "fullName": "",
        "assignRoles": "",
        "emailAddress*": "",
        "mobileNumber*": "",
        "education": "",
        "AddressLine": "",
        "userManagement": "",
        "roles": "",
        "dateOfJoining*": "",
        "uploadAdhaarCard": "",
        "clear": "",
        "profilePhoto": "",
        "basicSalaryPerMonth": "",
        "previous": "",
        "EmergencyContactNumber*": "",
        "contactName*": "",
        "relationship": "",
        "userCreatedSuccessfully": "",
        "yay!": "",
        "doj": "",
        "inventoryManager,..": "",
        "empId": "",
        "activate": "",
        "deactivate": "",
        "phone": "",
        "deletedSuccessfully!": "",
        "voterId": "",
        "drivingLicense": "",
        "updateChanges": "",
        "deactiveToDelete": "",
        "groceries": "",
        "fishes": "",
        "meat": "",
        "dairy": "",
        "tropicalFruits": "",
        "drupe": "",
        "pome": "",
        "berry": "",
        "others": "",
        "bakery": "",
        "flowers": "",
        "nuts": "",
        "legume": "",
        "capsules": "",
        "updateExisting": "",
        "showAll": "",
        "to": "",
        "tropical": "",
        "dragonFruit": "",
        "select": "",
        "fruit": "",
        "passionFruit": "",
        "rambutan": "",
        "acail": "",
        "jackFruit": "",
        "mangosteen": "",
        "lychee": "",
        "productDetails": "",
        "general": "",
        "sellingOption": "",
        "returnOption": "",
        "soldBy": "",
        "kilogram": "",
        "liter": "",
        "placeOfOrigin": "",
        "AboutProduct": "",
        "grading": "",
        "quantity": "",
        "returnWithin": "",
        "noReturn": "",
        "sameDay": "",
        "nextDay": "",
        "costPrice": "",
        "Hrs": "",
        "sku": "",
        "maxQtyPerOrder": "",
        "stockStatus": "",
        "regularPrice": "",
        "inStock": "",
        "outOfStock": "",
        "discountPrice": "",
        "days": "",
        "hours": "",
        "saveProduct": "",
        "productAddedSuccessfully": "",
        "addPhoto": "",
        "productListedSuccessfully": "",
        "pendingDetails": "",
        "listed": "",
        "unlisted": "",
        "tropicalFruit(7)": "",
        "viewALl": "",
        "addDetail": "",
        "unlist": "",
        "drupeFruit(10)": "",
        "aboutProduct": "",
        "costprice": "",
        "mini.PricePerOrder": "",
        "customerPickup": "",
        "ownDelivery": "",
        "thirdParty": "",
        "processignTime": "",
        "Mins": "",
        "pickupSlots": "",
        "delete": "",
        "save": "",
        "deliverySlots": "",
        "deliveryOptions": "",
        "distanceCovers": "",
        "Km": "",
        "deliveryCharge": "",
        "onOrdersMore": "",
        "than": "",
        "enableFreeShipping": "",
        "capacity": "",
        "deliveryPartner": "",
        "finalThoughts": "",
        "enterMobile": "",
        "numberFor": "",
        "otpVerification": "",
        "terms&Conditions": "",
        "andPrivacyPolicy": "",
        "pleaseEnterThe": "",
        "sentFor": "",
        "theOtp": "",
        "yourShop": "",
        "workingHours": "",
        "nameAsPer": "",
        "PanCard": "",
        "re-enter": "",
        "accountNo.": "",
        "areYouSure": "",
        "doYouWant": "",
        "toDelete?": "",
        "youCannotDelete": "",
        "activeUser!": "",
        "selectCategory": "",
        "toAddProduct": "",
        "mini.qty": "",
        "perOrder": "",
        "yourUnsaved": "",
        "detailsWill": "",
        "beLost": "",
        "saveChanges": "",
        "beforeClosing": "",
        "wouldYouLike": "",
        "toMoveTo": "",
        "listedItem": "",
        "max.qty": "",
        "rambutanIs": "",
        "movedTo": "",
        "BPLID": "",
        "pickupAnd": "",
        "imSelling": "",
        "searchBy": "",
        "fruitsCategory": "",
        "selectFruits": "",
        "drupeFruit": "",
        "pomeFruit": "",
        "saveContinue": "",
        "miniQty": "",
        "maxQty": "",
        "miniPrice": "",
        "producAdded": "",
        "successfullyYay": "",
        "wouldYou": "",
        "likeTo": "",
        "moveTo": "",
        "ListedItem": "",
        "areYouDelivering": "",
        "procesingTime": "",
        "onOrder": "",
        "enableFree": "",
        "shipping": "",
        "availOur": "",
        "deliveryService": "",
        "DelieveryPartner": "",
        "ChooseYourLanguage": "",
        "SearchLanguage": "",
        "EntermobilenumberforOTP verification": "",
        "Pleaseentetheverificationcodesentfor": "",
        "Selectyourlanguagehere": "",
        "Addressdetail": "",
        "PanProof": "",
        "FixedRetailershop": "",
        "MobileRetailershop": "",
        "Iown": "",
        "Membershipplan": "",
        "PerMonth": "",
        "Basic": "",
        "Onlineshopspace": "",
        "Sell/purchase": "",
        "Creditmanagement": "",
        "Owndelivery": "",
        "Onlinepayment": "",
        "Catalougepayment": "",
        "PerOrderManagement": "",
        "Managecustomers": "",
        "BuyNow": "",
        "Skip": "",
        "Close": "",
        "Open": "",
        "ReferandEarn": "",
        "Shoppicture": "",
        "Edit": "",
        "Mywallet": "",
        "MyRewards": "",
        "Invitepeoplefromyournetworkandlearncashrewards": "",
        "Getcashrewardsupto": "",
        "Invite": "",
        "ReferralStatus": "",
        "TotalReferal": "",
        "Acknowledge": "",
        "Signup": "",
        "Order": "",
        "ProfileComplete": "",
        "Referred": "",
        "invite": "",
        "Indiidual": "",
        "Deliveryvalet": "",
        "Wholeseller": "",
        "Farmer": "",
        "Trader/Broker": "",
        "Deliverypartner": "",
        "InviteeMobileNumber": "",
        "ReferralSMSsendsucessfully": "",
        "RequestingReferretoGiveaMissCallon": "",
        "TotalRewardsEarn": "",
        "MyReferrals": "",
        "IncreaseEarningBy": "",
        "IncreaseReferralEarningonEachsucessfuinvite": "",
        "Youcanwin": "",
        "YouWon": "",
        "ByReferring": "",
        "Completed": "",
        "Incompleted": "",
        "Referralstatus": "",
        "Orderd": "",
        "First order": "",
        "ProfileCompleted": "",
        "Reminder": ""
    }
}