{
    "System": {
        "item": "ഇനം",
        "product": "ഉത്പന്നം",
        "price": "വില",
        "cost": "ചെലവ്",
        "name": "പേര്",
        "fruis": "പഴങ്ങൾ",
        "address": "അഭിസംബോധന ചെയ്യുക",
        "error": "പിശക്",
        "selectYourLanguage": "നിങ്ങളുടെ ഭാഷ തിരഞ്ഞെടുക്കുക",
        "selectYourPreference": "നിങ്ങളുടെ മുൻഗണന തിരഞ്ഞെടുക്കുക",
        "vegetarian": "വെജിറ്റേറിയൻ",
        "nonVegetarian": "നോൺ-വെജിറ്റേറിയൻ",
        "getStarted": "തുടങ്ങി",
        "selectYourCity": "നിങ്ങളുടെ നഗരം തിരഞ്ഞെടുക്കുക",
        "procced": "മുന്നോട്ടുനീങ്ങുക",
        "filters": "ഫിൽട്ടറുകൾ",
        "sortBy": "ഇങ്ങനെ അടുക്കുക",
        "veg": "വെജിറ്റേറിയൻ",
        "ratings4+": "റേറ്റിംഗുകൾ 4+",
        "nearYou": "നിങ്ങളുടെ സമീപം",
        "mobileNumber": "മൊബൈൽ നമ്പർ",
        "otp": "OTP",
        "continue": "തുടരുക",
        "call": "വിളി",
        "sms": "എസ്എംഎസ്",
        "whatsApp": "വാട്ട്സ്ആപ്പ്",
        "orderAgain": "വീണ്ടും ഓർഡർ ചെയ്യുക",
        "currentLocation": "ഇപ്പോഴുള്ള സ്ഥലം",
        "usingGps": "ജിപിഎസ് ഉപയോഗിക്കുന്നു",
        "frequentlyUsed": "പതിവായി വാങ്ങി",
        "other": "മറ്റേതായ",
        "work": "വേല",
        "home": "വീട്",
        "recentSearch": "സമീപകാല തിരയൽ",
        "selectLocation": "സ്ഥാനം തിരഞ്ഞെടുക്കുക",
        "change": "മാറ്റുക",
        "confirmLocation": "സ്ഥാനം സ്ഥിരീകരിക്കുക",
        "distanceLessThan": "എന്നതിനേക്കാൾ കുറവ്",
        "km": "കെഎം",
        "moreThan": "അതിലും കൂടുതൽ",
        "all": "എല്ലാം",
        "delivery": "പസവം",
        "pickUp": "പുരോഗമിക്കുക",
        "previousOrder": "മുമ്പത്തെ ഓർഡർ",
        "recommended": "ശുപാർശ ചെയ്ത",
        "aboutSeller": "വിൽപ്പനക്കാരനെക്കുറിച്ച്",
        "sellingItems": "ഇനങ്ങൾ വിൽക്കുന്നു",
        "menu": "മെനു",
        "addToFavorites": "പ്രിയങ്കരങ്ങളിലേക്ക് ചേർക്കുക",
        "share": "ഭാഗം",
        "shopInformation": "ഷോപ്പ് വിവരങ്ങൾ",
        "more": "കൂടുതൽ",
        "fruits": "പഴങ്ങൾ",
        "vegetables": "പച്ചക്കറികൾ",
        "today": "ഇന്നേദിവസം",
        "tomorrow": "അടുത്തദിവസം",
        "addQuantity": "അളവ് ചേർക്കുക",
        "pieces": "കഷണങ്ങൾ",
        "numberOfpieces": "കഷണങ്ങളുടെ എണ്ണം",
        "amount": "സംഖ",
        "viewCart": "സഞ്ചി കാണുക",
        "orderSummary": "ഓർഡർ സംഗ്രഹം",
        "detailedBill": "വിശദമായ ബിൽ",
        "cartTotal": "കാർട്ട് ആകെ",
        "discount": "കിഴിവ്",
        "total": "മൊത്തമായ",
        "selfPickup": "സ്വയം പിക്കപ്പ്",
        "totalPayable": "ആകെ നൽകേണ്ടതാണ്",
        "payAtPickup": "പിക്കപ്പിൽ പണമടയ്ക്കുക",
        "savedDetails": "സംരക്ഷിച്ച വിശദാംശങ്ങൾ",
        "debitAtmCard": "ഡെബിറ്റ് / എടിഎം കാർഡ്",
        "netBanking": "നെറ്റ് ബാങ്കിംഗ്",
        "addDebitCreditCard": "ഡെബിറ്റ് / ക്രെഡിറ്റ് കാർഡ് ചേർക്കുക",
        "walletsUpi": "വാലറ്റുകൾ & യുപിഐ",
        "phonepe": "ഫോഗ്പെ",
        "paytm": "പെഡ്ം",
        "otherUpi": "മറ്റേതായ",
        "paySecurely": "സുരക്ഷിതമായി പണമടയ്ക്കുക",
        "deliverAt": "കൈമാറുക",
        "noContact": "കോൺടാക്റ്റ് ഇല്ല",
        "scheduledDelivery": "ഷെഡ്യൂൾ ചെയ്ത ഡെലിവറി",
        "am": "ആകുന്നു",
        "pm": "പ്രധാനമന്ത്രി",
        "hour": "മണിക്കൂര്",
        "freeDelivery": "സൌജന്യമായി എത്തിച്ചു കൊടുക്കുക",
        "enterCvv": "സിവിവി നൽകുക",
        "cardNumber": "കാർഡ് നമ്പർ",
        "expiry": "കാലഹരണപ്പെടൽ",
        "nameOnCard": "കാർഡിലെ പേര്.",
        "saveCardDetails": "കാർഡ് വിശദാംശങ്ങൾ സംരക്ഷിക്കുക",
        "icici": "ഐസിഐസിഐ",
        "sbi": "എസ്ബിഐ",
        "hdfc": "എച്ച്ഡിഎഫ്സി",
        "moreBanks": "കൂടുതൽ ബാങ്കുകൾ",
        "orderConfirmed": "ഓർഡർ സ്ഥിരീകരിച്ചു",
        "orderNumber": "ഓർഡർ നമ്പർ",
        "payment": "പേയ്മെന്റ്",
        "dateOfOrder": "ക്രമത്തിന്റെ തീയതി",
        "help": "സഹായം",
        "trackOrder": "ട്രാക്ക് ഓർഡർ",
        "activeOrder": "സജീവ ഓർഡർ",
        "view": "ദര്ശനം",
        "chat": "സല്ലാപം",
        "orderDetails": "വിശദാംശങ്ങൾ ഓർഡർ ചെയ്യുക",
        "cancel": "റദ്ദാക്കുക",
        "support": "പിന്താങ്ങുക",
        "orderTotal": "ഓർഡർ ആകെ",
        "orderPlaced": "ഓർഡർ ചെയ്തു",
        "orederAccepted": "ഓർഡർ സ്വീകരിച്ചു",
        "processing": "നടപടി",
        "ready": "തയ്യാറാണ്",
        "dispatched": "അയച്ചു",
        "contactSeller": "വിൽപ്പനക്കാരനെ ബന്ധപ്പെടുക",
        "viewOrderSummary": "ഓർഡർ സംഗ്രഹം കാണുക",
        "addInstructions": "നിർദ്ദേശങ്ങൾ ചേർക്കുക",
        "myAccount": "എന്റെ അക്കൗണ്ട്",
        "favorite": "പേമഭാജനം",
        "settings": "ക്രമീകരണങ്ങൾ",
        "myAddress": "എന്റെ വിലാസം",
        "myFamily": "എന്റെ കുടുംബം",
        "refer": "അവലംബിക്കുക",
        "individual": "വ്യക്തി",
        "busness": "വാപാരം",
        "postOrder": "പോസ്റ്റ് ഓർഡർ",
        "logout": "ലോഗൗട്ട്",
        "contactNumber": "കോൺടാക്റ്റ് നമ്പർ",
        "relation": "ബന്ധു",
        "getOtp": "OTP നേടുക",
        "enterOtp": "OTP നൽകുക",
        "mail": "മെയിൽ",
        "facebook": "ഫേസ്ബുക്ക്",
        "email": "ഇമെയിൽ",
        "contact": "സന്വര്ക്കം",
        "update": "അപ്ഡേറ്റ് ചെയ്യുക",
        "items": "ഇനങ്ങൾ",
        "shops": "കടകൾ",
        "allowLocation": "ലൊക്കേഷൻ അനുവദിക്കുക",
        "allowNotification": "അറിയിപ്പ് അനുവദിക്കുക",
        "homeWork": "ഹോം വർക്ക്",
        "addNewAddress": "പുതിയ വിലാസം ചേർക്കുക",
        "landMark": "ലാൻഡ് മാർക്ക്",
        "saveAndProceed": "സംരക്ഷിച്ച് തുടരുക",
        "termsAndConditions": "ഉപാധികളും നിബന്ധനകളും",
        "faqs": "പതിവുചോദ്യങ്ങൾ",
        "privacyPolicy": "സ്വകാര്യതാ നയം",
        "contactUs": "ഞങ്ങളെ സമീപിക്കുക",
        "customerCare": "കസ്റ്റമർ കെയർ",
        "customerCareNumber": "കസ്റ്റമർ കെയർ നമ്പർ",
        "yes": "സമ്മതം",
        "no": "ഇല്ല",
        "validateAgain": "വീണ്ടും സാധൂകരിക്കുക",
        "employee": "തൊഴിലാളി",
        "onboard": "ഓൺ ബോർഡ്",
        "selfOnBoard": "സ്വയം കപ്പൽ",
        "onboardByBuisness": "ബിസിനസ്സ് ഓൺബോർഡ്",
        "retailer": "ചില്ലറകാട്",
        "middleMan": "മിഡിൽമാൻ",
        "former": "കൃഷിക്കാരന്",
        "phoneNumber": "ഫോൺ നമ്പർ",
        "houseNo": "വീടിന്റെ നമ്പർ",
        "building": "കെട്ടിടം",
        "street": "തെരുവ്",
        "landmark": "ചരിതസംഭവം",
        "state": "സംസ്ഥാനം",
        "city": "നഗരം",
        "pincode": "പിൻ കോഡ്",
        "location": "സ്ഥാപിക്കല്",
        "submit": "കീഴടങ്ങുക",
        "editAddress": "വിലാസം എഡിറ്റുചെയ്യുക",
        "addMember": "അംഗം ചേർക്കുക",
        "deliveryWithin": "ഉള്ളിൽ ഡെലിവറി",
        "notification": "അറിയിപ്പ്",
        "voice": "ശബ്ദം",
        "fruitsShop": "പഴങ്ങൾ കട",
        "delivering": "കൈമാറുന്നു",
        "notDelivering": "വിതരണം ചെയ്യുന്നില്ല",
        "sellerProfile": "വിൽപ്പനക്കാരന്റെ പ്രൊഫൈൽ",
        "fabulous": "അവാസ്തവമായ",
        "customerRated": "ഉപഭോക്താവ് റേറ്റുചെയ്തു",
        "searchLocation": "സ്ഥാനം തിരയുക",
        "shopByCategories": "വിഭാഗങ്ങളിലൂടെ ഷോപ്പുചെയ്യുക",
        "next": "അടുത്തത്",
        "shopInfo": "ഷോപ്പ് വിവരം",
        "vegatables": "താനൽബാറ്ററികൾ",
        "localGarden": "പ്രാദേശിക പൂന്തോട്ടം",
        "confirm": "ഉറപ്പിക്കുക",
        "cancelOrder": "ഓർഡർ റദ്ദാക്കാൻ",
        "reffer": "അവലംബിക്കുക",
        "business": "വാപാരം",
        "pastOrders": "പഴയ ഓർഡറുകൾ",
        "viewMoreOrders": "കൂടുതൽ ഓർഡറുകൾ കാണുക",
        "logOut": "ലോഗ് out ട്ട് ചെയ്യുക",
        "add": "കൂട്ടിച്ചേര്ക്കുക",
        "verify": "പമാണീകരിക്കുക",
        "refferBy": "പരാമർശിക്കുക",
        "whatsapp": "വാട്ട്സ്ആപ്പ്",
        "message": "ദൂത്",
        "editProfile": "പ്രൊഫൈൽ എഡിറ്റുചെയ്യുക",
        "favoruites": "പീരന്റീസ്",
        "savedAddress": "സംരക്ഷിച്ച വിലാസം",
        "privacyPolicies": "സ്വകാര്യതാ നയങ്ങൾ",
        "byClicking": "ക്ലിക്കുചെയ്യുന്നതിലൂടെ",
        "iAccept": "ഞാൻ അംഗീകരിക്കുന്നു",
        "theTerms": "നിബന്ധനകൾ",
        "conditionsAnd": "വ്യവസ്ഥകളും",
        "priavacyPolicy": "സ്വകാര്യതാ നയം.",
        "didn'tReceive": "സ്വീകരിച്ചില്ല",
        "verifyVia": "വഴി പരിശോധിക്കുക",
        "pickupWithin": "അകത്ത് പിക്കപ്പ്",
        "addDebit": "ഡെബിറ്റ് ചേർക്കുക",
        "creditCard": "ക്രെഡിറ്റ് കാർഡ്",
        "yourOrder": "നിങ്ങളുടെ ഓർഡർ",
        "willBe": "ആയിരിക്കും",
        "deliver": "മോചിപ്പിക്കുക",
        "pickupNoShow": "പിക്കപ്പ് ഇല്ല ഷോ",
        "house": "വീട്",
        "flat": "പരന്ന",
        "block": "ഉപരോധിക്കുക",
        "blockNumber": "ബ്ലോക്ക് നമ്പർ",
        "appartment": "മുറി",
        "road": "നടപ്പാത",
        "area": "പദേശം",
        "saveThis": "ഇത് സംരക്ഷിക്കുക",
        "addressAs": "എന്നപോലെ വിലാസം",
        "areYou": "നിങ്ങളാണോ",
        "sureYou": "തീർച്ചയായും നിങ്ങൾ",
        "wantTo": "വേണം",
        "smsSent": "SMS അയച്ചു",
        "successfullty": "വിജയകരമായി",
        "anOtp": "ഒരു OTP",
        "hasBeen": "ആയിരുന്നു",
        "sentAt": "അയച്ചു",
        "yourRegistered": "നിങ്ങളുടെ രജിസ്റ്റർ ചെയ്തു",
        "otpRetry": "OTP വീണ്ടും ശ്രമിക്കുക",
        "in00.30Secs": "00.30 സെക്കൻഡ്",
        "": "#VALUE!",
        "welcome": "സ്വാഗതം",
        "toSarvmai": "sarvm.a ലേക്ക്",
        "enterMobileNumber": "മൊബൈൽ നമ്പർ നൽകുക",
        "verificationCode": "പരിശോധിച്ചുറപ്പിക്കൽ കോഡ്",
        "resendOtp": "OTP വീണ്ടും അയയ്ക്കുക",
        "shopAddress": "ഷോപ്പ് വിലാസം",
        "searchYourAddress": "നിങ്ങളുടെ വിലാസം തിരയുക",
        "enterDetails": "വിശദാംശങ്ങൾ നൽകുക",
        "businessName": "ബിസിനസ്സ് പേര്",
        "shopNo": "ഷോപ്പ് നമ്പർ.",
        "building/Locality": "കെട്ടിടം / പ്രദേശം",
        "saveAndContinue": "സംരക്ഷിച്ച് തുടരുക",
        "specifyWorkingTime": "ജോലി സമയം വ്യക്തമാക്കുക",
        "sameForEveryDay": "എല്ലാ ദിവസവും സമാനമാണ്",
        "skip": "ചാടിക്കുക",
        "save&Continue": "സംരക്ഷിക്കുക & തുടരുക",
        "startTime": "ആരംഭ സമയം",
        "endTime": "അവസാന സമയം",
        "done": "നിറവേറ്റി",
        "Kyc": "കെവൈസി",
        "father'sName": "പിതാവിന്റെ പേര്",
        "dob": "ഡോബ്",
        "uploadProofIdentity": "പ്രൂഫ് ഐഡന്റിറ്റി അപ്ലോഡുചെയ്യുന്നു",
        "adharCard": "അദ്കാർ കാർഡ്",
        "idCardNo.": "ഐഡി കാർഡ് നമ്പർ.",
        "uploadPanCard": "പാൻ കാർഡ് അപ്ലോഡുചെയ്യുക",
        "panCardNo": "പാൻ കാർഡ് നമ്പർ.",
        "uploadFileForm": "ഫയൽ അപ്ലോഡുചെയ്യുക",
        "bankDetails": "ബാങ്ക് വിശദാംശങ്ങൾ",
        "BeneficiaryName": "ഗുണഭോക്താവിന്റെ പേര്",
        "bankName": "ബാങ്കിന്റെ പേര്",
        "accountNo": "അക്കൗണ്ട് നമ്പർ.",
        "ifsc": "Ifsc",
        "uploadPassbookPhoto": "പാസ്ബുക്ക് ഫോട്ടോ അപ്ലോഡുചെയ്യുക",
        "pendingOrders": "ഓർഡറുകൾ ശേഷിക്കുന്നു",
        "details": "വിശദാംശങ്ങൾ",
        "inventory": "സാധനങ്ങൾ",
        "management": "നിര്വഹണം",
        "order": "ആജ്ഞകൊടുക്കുക",
        "expenses": "ചെലവുകൾ",
        "crm": "സിആർഎം",
        "customer": "ഉപഭോക്താവ്",
        "service": "സേവനം",
        "b2bBuy": "B2B വാങ്ങുക",
        "promote": "കയറ്റം കൊടുക്കുക",
        "user": "ഉപയോഗിക്കുന്നവന്",
        "P&L": "പി & എൽ",
        "subscription": "സബ്സ്ക്രിപ്ഷൻ",
        "catalog": "നാമാവലി",
        "usermanagement": "ഉപയോക്തൃ മാനേജുമെന്റ്",
        "search": "അനേഷണം",
        "addUser": "ഉപയോക്താവിനെ ചേർക്കുക",
        "reset": "പുന .സജ്ജമാക്കുക",
        "personal": "വക്തിപരമായ",
        "identity": "വക്തിതം",
        "emergencyContact": "അത്യാവശ്യ സമീപനം",
        "employeeId": "തൊഴിലാളിയുടെ തിരിച്ചറിയല് രേഖ",
        "fullName": "പൂർണ്ണമായ പേര്",
        "assignRoles": "വേഷങ്ങൾ നൽകുക",
        "emailAddress*": "ഇമെയിൽ",
        "mobileNumber*": "മൊബൈൽ നമ്പർ *",
        "education": "പഠനം",
        "AddressLine": "വിലാസ ലൈൻ",
        "userManagement": "ഉപയോക്തൃ മാനേജുമെന്റ്",
        "roles": "റോളുകൾ",
        "dateOfJoining*": "ചേരുന്ന തീയതി *",
        "uploadAdhaarCard": "അദ്ഹാർ കാർഡ് അപ്ലോഡുചെയ്യുക",
        "clear": "വക്തമായ",
        "profilePhoto": "പ്രൊഫൈൽ ഫോട്ടോ",
        "basicSalaryPerMonth": "പ്രതിമാസം അടിസ്ഥാന ശമ്പളം",
        "previous": "മുന്പിലത്തേതായ",
        "EmergencyContactNumber*": "അടിയന്തര കോൺടാക്റ്റ് നമ്പർ *",
        "contactName*": "ബന്ധപ്പെടാനുള്ള പേര് *",
        "relationship": "ബന്ധുതം",
        "userCreatedSuccessfully": "ഉപയോക്താവ് വിജയകരമായി സൃഷ്ടിച്ചു",
        "yay!": "യായ്!",
        "doj": "ചേരുന്ന തീയതി",
        "inventoryManager,..": "ഇൻവെന്ററി മാനേജർ, ...",
        "empId": "എംപി ഐഡി",
        "activate": "സജീവമാക്കുക",
        "deactivate": "നിര്ജ്ജപ്പെടുത്തുക",
        "phone": "ഫോൺ",
        "deletedSuccessfully!": "വിജയകരമായി ഇല്ലാതാക്കി!",
        "voterId": "വോട്ടർ ഐഡി",
        "drivingLicense": "വാഹനം ഓടിക്കാനുള്ള അനുമതിപത്രം",
        "updateChanges": "മാറ്റങ്ങൾ അപ്ഡേറ്റുചെയ്യുക",
        "deactiveToDelete": "ഇല്ലാതാക്കാൻ നിർജ്ജീവമാക്കുക",
        "groceries": "പലചരക്ക്",
        "fishes": "മീൻ",
        "meat": "മാംസം",
        "dairy": "പാല്ശേഖരണകേന്ദം",
        "tropicalFruits": "ഉഷ്ണമേഖലാ പഴങ്ങൾ",
        "drupe": "ഡ്രൂപ്പ്",
        "pome": "പോം",
        "berry": "കുരുവില്ലാപ്പഴം",
        "others": "മറ്റുള്ളവ",
        "bakery": "ബേക്കറി",
        "flowers": "പൂക്കൾ",
        "nuts": "അണ്ടിപ്പരിപ്പ്",
        "legume": "പയർവർഗ്ഗ",
        "capsules": "ഗുളികകൾ",
        "updateExisting": "നിലവിലുള്ള അപ്ഡേറ്റ് ചെയ്യുക",
        "showAll": "എല്ലാം കാണിക്കൂ",
        "to": "... ലേക്ക്",
        "tropical": "ഉഷ്ണമേഖലയിലുള്ള",
        "dragonFruit": "ഡ്രാഗൺ ഫലം",
        "select": "തെരഞ്ഞെടുക്കുക",
        "fruit": "പഴം",
        "passionFruit": "പാഷൻ ഫ്രൂട്ട്",
        "rambutan": "രാംബുവാൻ",
        "acail": "അക്കായ്",
        "jackFruit": "ചക്ക",
        "mangosteen": "മംഗോസ്റ്റീൻ",
        "lychee": "ലിച്ചി",
        "productDetails": "ഉൽപ്പന്നത്തിന്റെ വിവരം",
        "general": "പൊതുവായ",
        "sellingOption": "വിൽക്കൽ ഓപ്ഷൻ",
        "returnOption": "മടക്ക ഓപ്ഷൻ",
        "soldBy": "വിറ്റു",
        "kilogram": "കിലോഗ്രാം",
        "liter": "ലിറ്റർ",
        "placeOfOrigin": "ഉത്ഭവ സ്ഥലം",
        "AboutProduct": "ഉൽപ്പന്നത്തെക്കുറിച്ച്",
        "grading": "ഗ്രേഡിംഗ്",
        "quantity": "അളവ്",
        "returnWithin": "അകത്ത് മടങ്ങുക",
        "noReturn": "മടക്കം ഇല്ല",
        "sameDay": "ഒരേ ദിവസം",
        "nextDay": "അടുത്ത ദിവസം",
        "costPrice": "വില വില",
        "Hrs": "എച്ച്ആർഎസ്",
        "sku": "SKU",
        "maxQtyPerOrder": "പരമാവധി. ഓരോ ഓർഡറിനും qty",
        "stockStatus": "സ്റ്റോക്ക് നില",
        "regularPrice": "സാധാരണ വില",
        "inStock": "സ്റ്റോക്കുണ്ട്",
        "outOfStock": "സ്റ്റോക്കില്ല",
        "discountPrice": "കിഴിവ് വില",
        "days": "ദിവസങ്ങളിൽ",
        "hours": "മണിക്കൂറുകൾ",
        "saveProduct": "ഉൽപ്പന്നം സംരക്ഷിക്കുക",
        "productAddedSuccessfully": "ഉൽപ്പന്നം വിജയകരമായി ചേർത്തു",
        "addPhoto": "ഫോട്ടോ ചേർക്കുക",
        "productListedSuccessfully": "ഉൽപ്പന്നം വിജയകരമായി പട്ടികപ്പെടുത്തി",
        "pendingDetails": "തീർപ്പാക്കാത്ത വിശദാംശങ്ങൾ",
        "listed": "പട്ടികപ്പെടുത്തി",
        "unlisted": "ലിസ്റ്റുചെയ്യാത്ത",
        "tropicalFruit(7)": "ഉഷ്ണമേഖലാ ഫലം (7)",
        "viewALl": "എല്ലാം കാണുക",
        "addDetail": "വിശദാംശങ്ങൾ ചേർക്കുക",
        "unlist": "സ്വരവസാക്ഷി",
        "drupeFruit(10)": "ഡ്രൂപ്പ് ഫ്രൂട്ട് (10)",
        "aboutProduct": "ഉൽപ്പന്നത്തെക്കുറിച്ച്",
        "costprice": "വില വില",
        "mini.PricePerOrder": "മിനി. വില",
        "customerPickup": "കസ്റ്റമർ പിക്കപ്പ്",
        "ownDelivery": "സ്വന്തം ഡെലിവറി",
        "thirdParty": "മൂന്നാം പാർട്ടി",
        "processignTime": "പ്രക്രിയ സമയം",
        "Mins": "MINS",
        "pickupSlots": "പിക്കപ്പ് സ്ലോട്ടുകൾ",
        "delete": "ഇല്ലാതാക്കുക",
        "save": "രക്ഷിക്കും",
        "deliverySlots": "ഡെലിവറി സ്ലോട്ടുകൾ",
        "deliveryOptions": "ഡെലിവറി ഓപ്ഷനുകൾ",
        "distanceCovers": "ദൂര കവറുകൾ",
        "Km": "കെഎം",
        "deliveryCharge": "ഡെലിവറി ചാർജ്",
        "onOrdersMore": "കൂടുതൽ ഓർഡറുകളിൽ",
        "than": "... ക്കാളും",
        "enableFreeShipping": "സ sh ജന്യ ഷിപ്പിംഗ് പ്രവർത്തനക്ഷമമാക്കുക",
        "capacity": "താണി",
        "deliveryPartner": "ഡെലിവറി പങ്കാളി",
        "finalThoughts": "അന്തിമ ചിന്തകൾ",
        "enterMobile": "മൊബൈൽ നമ്പർ നൽകുക",
        "numberFor": "ഇതിനുള്ള നമ്പർ",
        "otpVerification": "OTP സ്ഥിരീകരണം",
        "terms&Conditions": "നിബന്ധനകളും വ്യവസ്ഥകളും",
        "andPrivacyPolicy": "സ്വകാര്യതാ നയവും",
        "pleaseEnterThe": "ദയവായി നൽകുക",
        "sentFor": "ഇതിനായി അയച്ചു",
        "theOtp": "otp",
        "yourShop": "നിങ്ങളുടെ കട",
        "workingHours": "പ്രവർത്തി സമയം",
        "nameAsPer": "നാമം അനുസരിച്ച്",
        "PanCard": "പാൻ കാർഡ്",
        "re-enter": "വീണ്ടും നൽകുക",
        "accountNo.": "അക്കൗണ്ട് നമ്പർ.",
        "areYouSure": "നിങ്ങൾക്ക് ഉറപ്പാണോ.",
        "doYouWant": "നിനക്കാവശ്യമുണ്ടോ",
        "toDelete?": "ഇല്ലാതാക്കാൻ?",
        "youCannotDelete": "നിങ്ങൾക്ക് ഇല്ലാതാക്കാൻ കഴിയില്ല",
        "activeUser!": "സജീവ ഉപയോക്താവ്!",
        "selectCategory": "ഇനം തിരഞ്ഞെടുക്കുക",
        "toAddProduct": "ഉൽപ്പന്നം ചേർക്കാൻ",
        "mini.qty": "മിനി. qty",
        "perOrder": "ഓരോ ഓർഡറിനും",
        "yourUnsaved": "നിങ്ങൾ സംരക്ഷിക്കാത്തത്",
        "detailsWill": "വിശദാംശങ്ങൾ ചെയ്യും",
        "beLost": "നഷ്ടപ്പെടും.",
        "saveChanges": "മാറ്റങ്ങൾ സൂക്ഷിക്കുക",
        "beforeClosing": "അടയ്ക്കുന്നതിന് മുമ്പ്",
        "wouldYouLike": "നിനക്ക് വേണം",
        "toMoveTo": "നീങ്ങാൻ",
        "listedItem": "ലിസ്റ്റുചെയ്ത ഇനം",
        "max.qty": "പരമാവധി. qty",
        "rambutanIs": "റാംബട്ടൻ",
        "movedTo": "നീക്കി",
        "BPLID": "ബിപിഎൽ ഐഡി",
        "pickupAnd": "പിക്കപ്പ് കൂടാതെ",
        "imSelling": "ഞാൻ വിൽക്കുന്നു",
        "searchBy": "തിരച്ചിൽ",
        "fruitsCategory": "പഴങ്ങൾ വിഭാഗം",
        "selectFruits": "പഴങ്ങൾ തിരഞ്ഞെടുക്കുക",
        "drupeFruit": "ഡ്രൂപ്പ് ഫ്രൂട്ട്",
        "pomeFruit": "Ponom എന്ന ഫലം",
        "saveContinue": "സംരക്ഷിക്കുക & തുടരുക",
        "miniQty": "Mini.qyty",
        "maxQty": "പരമാവധി ക്രിയ",
        "miniPrice": "മിനി വില",
        "producAdded": "ഉൽപ്പന്നം ചേർത്തു",
        "successfullyYay": "വിജയകരമായി അതെ",
        "wouldYou": "നീ",
        "likeTo": "ആഗ്രഹമുണ്ട്",
        "moveTo": "നേരെ നീങ്ങുക",
        "ListedItem": "ലിസ്റ്റുചെയ്ത ഇനം",
        "areYouDelivering": "നിങ്ങൾ വിടുവിക്കുന്നുണ്ടോ",
        "procesingTime": "പ്രക്രിയ സമയം",
        "onOrder": "ക്രമത്തിൽ",
        "enableFree": "സ free ജന്യമായി പ്രാപ്തമാക്കുക",
        "shipping": "ഷിപ്പിംഗ്",
        "availOur": "ഞങ്ങളുടെ പ്രയോജനപ്പെടുത്തുക",
        "deliveryService": "ഡെലിവറി സേവനം",
        "DelieveryPartner": "ഡെലിവറി പങ്കാളി",
        "ChooseYourLanguage": "നിങ്ങളുടെ ഭാഷ തിരഞ്ഞെടുക്കുക",
        "SearchLanguage": "ഭാഷ തിരയുക",
        "EntermobilenumberforOTP verification": "OTP സ്ഥിരീകരണത്തിനായി മൊബൈൽ നമ്പർ നൽകുക",
        "Pleaseentetheverificationcodesentfor": "ഇതിനായി അയച്ച സ്ഥിരീകരണ കോഡ് നൽകുക",
        "Selectyourlanguagehere": "നിങ്ങളുടെ ഭാഷ ഇവിടെ തിരഞ്ഞെടുക്കുക",
        "Addressdetail": "വിലാസ വിശദാംശങ്ങൾ",
        "PanProof": "പാൻ പ്രൂഫ്",
        "FixedRetailershop": "നിശ്ചിത ചില്ലറവക്കാരൻ ഷോപ്പ്",
        "MobileRetailershop": "മൊബൈൽ റീട്ടെയിലർ ഷോപ്പ്",
        "Iown": "എനിക്കുണ്ട്",
        "Membershipplan": "അംഗത്വ പദ്ധതി",
        "PerMonth": "മാസം തോറും",
        "Basic": "അടിസ്ഥാനപരമായ",
        "Onlineshopspace": "ഓൺലൈൻ ഷോപ്പ് സ്ഥലം",
        "Sell/purchase": "വിൽക്കുക / വാങ്ങുക",
        "Creditmanagement": "ക്രെഡിറ്റ് മാനേജുമെന്റ്",
        "Owndelivery": "സ്വന്തം ഡെലിവറി",
        "Onlinepayment": "ഓൺലൈൻ പേയ്മെന്റ്",
        "Catalougepayment": "കാറ്റലോജ് പേയ്മെന്റ്",
        "PerOrderManagement": "ഓരോ ഓർഡർ മാനേജുമെന്റിനും",
        "Managecustomers": "ഉപഭോക്താക്കളെ നിയന്ത്രിക്കുക",
        "BuyNow": "ഇപ്പോൾ വാങ്ങുക",
        "Skip": "ചാടിക്കുക",
        "Close": "അടയ്ക്കുക",
        "Open": "തുറക്കുക",
        "ReferandEarn": "റഫർ ചെയ്ത് നേടുക",
        "Shoppicture": "ഷോപ്പ് ചിത്രം",
        "Edit": "തിരുത്തുക",
        "Mywallet": "എന്റെ പണസഞ്ചി",
        "MyRewards": "എന്റെ പ്രതിഫലം",
        "Invitepeoplefromyournetworkandlearncashrewards": "നിങ്ങളുടെ നെറ്റ്വർക്കിൽ നിന്ന് ആളുകളെ ക്ഷണിക്കുക, ക്യാഷ് റിവാർഡുകൾ പഠിക്കുക",
        "Getcashrewardsupto": "ക്യാഷ് റിവാർഡ് വരെ",
        "Invite": "ക്ഷണിക്കുക",
        "ReferralStatus": "റഫറൽ നില",
        "TotalReferal": "ആകെ റഫറൽ",
        "Acknowledge": "ബോധമാകുക",
        "Signup": "സൈൻ അപ്പ് ചെയ്യുക",
        "Order": "ആജ്ഞകൊടുക്കുക",
        "ProfileComplete": "പ്രൊഫൈൽ പൂർത്തിയായി",
        "Referred": "പരാമർശിക്കപ്പെടുന്നു",
        "invite": "ക്ഷണിക്കുക",
        "Indiidual": "നിര്ദേശികൾ",
        "Deliveryvalet": "ഡെലിവറി വാലറ്റ്",
        "Wholeseller": "മൊത്തകൽപ്പന",
        "Farmer": "കൃഷിക്കാരന്",
        "Trader/Broker": "വ്യാപാരി / ബ്രോക്കർ",
        "Deliverypartner": "ഡെലിവറി പങ്കാളി",
        "InviteeMobileNumber": "ക്ഷണ മൊബൈൽ നമ്പർ",
        "ReferralSMSsendsucessfully": "റഫറൽ എസ്എംഎസ് വിജയകരമായി അയയ്ക്കുക",
        "RequestingReferretoGiveaMissCallon": "ഒരു മിസ് കോൾ നൽകുന്നതിന് റഫർ അഭ്യർത്ഥിക്കുന്നു",
        "TotalRewardsEarn": "ആകെ റിവാർഡുകൾ നേടുന്നു",
        "MyReferrals": "എന്റെ റഫറലുകൾ",
        "IncreaseEarningBy": "വരുമാനം വർദ്ധിപ്പിക്കുക",
        "IncreaseReferralEarningonEachsucessfuinvite": "ഓരോ വിജയിക്കുന്ന ക്ഷണത്തിലും റഫറൽ സമ്പാദ്യം വർദ്ധിപ്പിക്കുക",
        "Youcanwin": "നിങ്ങൾക്ക് വിജയിക്കാനാകും",
        "YouWon": "നീ വിജയിച്ചു",
        "ByReferring": "പരാമർശിക്കുന്നതിലൂടെ",
        "Completed": "പൂർത്തിയായ",
        "Incompleted": "അപൂർണ്ണമായത്",
        "Referralstatus": "റഫറൽ നില",
        "Orderd": "ഓർഡർഡ്",
        "First order": "ആദ്യ ഓർഡർ",
        "ProfileCompleted": "പ്രൊഫൈൽ പൂർത്തിയായി",
        "Reminder": "ഓർമ്മപ്പെടുത്തൽ"
    }
}