{
    "System": {
        "item": "आयटम",
        "product": "उत्पादन",
        "price": "किंमत",
        "cost": "किंमत",
        "name": "नाव",
        "fruis": "फळे",
        "address": "पत्ता",
        "error": "त्रुटी",
        "selectYourLanguage": "आपली भाषा निवडा",
        "selectYourPreference": "आपले प्राधान्य निवडा",
        "vegetarian": "शाकाहारी",
        "nonVegetarian": "मांसाहारी",
        "getStarted": "सुरु करूया",
        "selectYourCity": "आपले शहर निवडा",
        "procced": "पुढे जा",
        "filters": "फिल्टर",
        "sortBy": "क्रमवारी लावा",
        "veg": "शाकाहारी",
        "ratings4+": "रेटिंग 4+",
        "nearYou": "तुमच्या जवळ",
        "mobileNumber": "मोबाइल नंबर",
        "otp": "ओटीपी",
        "continue": "सुरू",
        "call": "कॉल",
        "sms": "एसएमएस",
        "whatsApp": "व्हाट्सएप",
        "orderAgain": "पुन्हा ऑर्डर करा",
        "currentLocation": "वर्तमान स्थान",
        "usingGps": "जीपीएस वापरणे",
        "frequentlyUsed": "वारंवार विकत घेतले",
        "other": "इतर",
        "work": "काम",
        "home": "मुख्यपृष्ठ",
        "recentSearch": "अलीकडील शोध",
        "selectLocation": "स्थान निवडा",
        "change": "बदला",
        "confirmLocation": "स्थान पुष्टी करा",
        "distanceLessThan": "पेक्षा कमी अंतर",
        "km": "किमी",
        "moreThan": "पेक्षा जास्त",
        "all": "सर्व",
        "delivery": "वितरण",
        "pickUp": "पिकअप",
        "previousOrder": "मागील ऑर्डर",
        "recommended": "शिफारस केली",
        "aboutSeller": "विक्रेता बद्दल",
        "sellingItems": "विक्री आयटम",
        "menu": "मेनू",
        "addToFavorites": "आवडींमध्ये जोडा",
        "share": "वाटा",
        "shopInformation": "खरेदी माहिती",
        "more": "अधिक",
        "fruits": "फळे",
        "vegetables": "भाज्या",
        "today": "आज",
        "tomorrow": "उद्या",
        "addQuantity": "प्रमाण जोडा",
        "pieces": "तुकडे",
        "numberOfpieces": "तुकड्यांची संख्या",
        "amount": "रक्कम",
        "viewCart": "कार्ट पहा",
        "orderSummary": "ऑर्डर सारांश",
        "detailedBill": "तपशीलवार बिल",
        "cartTotal": "एकूण कार्ट",
        "discount": "सूट",
        "total": "एकूण",
        "selfPickup": "सेल्फ पिकअप",
        "totalPayable": "एकूण देय",
        "payAtPickup": "पिकअपवर पैसे द्या",
        "savedDetails": "जतन केलेला तपशील",
        "debitAtmCard": "डेबिट/एटीएम कार्ड",
        "netBanking": "निव्वळ बँकिंग",
        "addDebitCreditCard": "डेबिट/क्रेडिट कार्ड जोडा",
        "walletsUpi": "वॉलेट्स आणि यूपीआय",
        "phonepe": "फोनपी",
        "paytm": "पेटीएम",
        "otherUpi": "इतर",
        "paySecurely": "सुरक्षितपणे पैसे द्या",
        "deliverAt": "येथे वितरित करा",
        "noContact": "संपर्क नाही",
        "scheduledDelivery": "अनुसूचित वितरण",
        "am": "आहे",
        "pm": "पंतप्रधान",
        "hour": "तास",
        "freeDelivery": "विनामूल्य वितरण",
        "enterCvv": "सीव्हीव्ही प्रविष्ट करा",
        "cardNumber": "कार्ड नंबर",
        "expiry": "समाप्ती",
        "nameOnCard": "कार्डवरील नाव.",
        "saveCardDetails": "कार्ड तपशील जतन करा",
        "icici": "आयसीआयसीआय",
        "sbi": "एसबीआय",
        "hdfc": "एचडीएफसी",
        "moreBanks": "अधिक बँका",
        "orderConfirmed": "ऑर्डर पुष्टी",
        "orderNumber": "ऑर्डर क्रमांक",
        "payment": "देय",
        "dateOfOrder": "ऑर्डरची तारीख",
        "help": "मदत",
        "trackOrder": "ट्रॅक ऑर्डर",
        "activeOrder": "सक्रिय ऑर्डर",
        "view": "दृश्य",
        "chat": "गप्पा",
        "orderDetails": "ऑर्डर तपशील",
        "cancel": "रद्द करा",
        "support": "समर्थन",
        "orderTotal": "एकूण ऑर्डर",
        "orderPlaced": "ऑर्डर दिले",
        "orederAccepted": "ऑर्डर स्वीकारले",
        "processing": "प्रक्रिया",
        "ready": "तयार",
        "dispatched": "पाठवले",
        "contactSeller": "विक्रेत्याशी संपर्क साधा",
        "viewOrderSummary": "ऑर्डर सारांश पहा",
        "addInstructions": "सूचना जोडा",
        "myAccount": "माझे खाते",
        "favorite": "आवडते",
        "settings": "सेटिंग्ज",
        "myAddress": "माझा पत्ता",
        "myFamily": "माझे कुटुंब",
        "refer": "संदर्भ",
        "individual": "वैयक्तिक",
        "busness": "व्यवसाय",
        "postOrder": "पोस्ट ऑर्डर",
        "logout": "बाहेर पडणे",
        "contactNumber": "संपर्क क्रमांक",
        "relation": "संबंध",
        "getOtp": "ओटीपी मिळवा",
        "enterOtp": "ओटीपी प्रविष्ट करा",
        "mail": "मेल",
        "facebook": "फेसबुक",
        "email": "ईमेल",
        "contact": "संपर्क",
        "update": "अद्यतन",
        "items": "आयटम",
        "shops": "दुकाने",
        "allowLocation": "स्थान परवानगी द्या",
        "allowNotification": "सूचनेस परवानगी द्या",
        "homeWork": "गृहपाठ",
        "addNewAddress": "नवीन पत्ता जोडा",
        "landMark": "जमीन चिन्ह",
        "saveAndProceed": "सेव्ह आणि पुढे जा",
        "termsAndConditions": "नियम आणि अटी",
        "faqs": "FAQ",
        "privacyPolicy": "गोपनीयता धोरण",
        "contactUs": "आमच्याशी संपर्क साधा",
        "customerCare": "ग्राहक सेवा",
        "customerCareNumber": "ग्राहक सेवा क्रमांक",
        "yes": "होय",
        "no": "नाही",
        "validateAgain": "पुन्हा सत्यापित करा",
        "employee": "कर्मचारी",
        "onboard": "ऑनबोर्ड",
        "selfOnBoard": "सेल्फ ऑनबोर्ड",
        "onboardByBuisness": "व्यवसायाद्वारे ऑनबोर्ड",
        "retailer": "किरकोळ विक्रेता",
        "middleMan": "मिडलमन",
        "former": "शेतकरी",
        "phoneNumber": "फोन नंबर",
        "houseNo": "घर नाही",
        "building": "इमारत",
        "street": "रस्ता",
        "landmark": "लँडमार्क",
        "state": "राज्य",
        "city": "शहर",
        "pincode": "पिन कोड",
        "location": "स्थान",
        "submit": "प्रस्तुत करणे",
        "editAddress": "पत्ता संपादित करा",
        "addMember": "सदस्य जोडा",
        "deliveryWithin": "आत वितरण",
        "notification": "सूचना",
        "voice": "आवाज",
        "fruitsShop": "फळे दुकान",
        "delivering": "वितरण",
        "notDelivering": "वितरण नाही",
        "sellerProfile": "विक्रेता प्रोफाइल",
        "fabulous": "कल्पित",
        "customerRated": "ग्राहक रेट केलेले",
        "searchLocation": "शोध स्थान",
        "shopByCategories": "श्रेणीनुसार खरेदी करा",
        "next": "पुढे",
        "shopInfo": "खरेदी माहिती",
        "vegatables": "व्हेगेटेबल्स",
        "localGarden": "स्थानिक बाग",
        "confirm": "पुष्टी",
        "cancelOrder": "ऑर्डर रद्द करा",
        "reffer": "संदर्भ",
        "business": "व्यवसाय",
        "pastOrders": "मागील ऑर्डर",
        "viewMoreOrders": "अधिक ऑर्डर पहा",
        "logOut": "बाहेर पडणे",
        "add": "जोडा",
        "verify": "सत्यापित करा",
        "refferBy": "द्वारा संदर्भित करा",
        "whatsapp": "व्हाट्सएप",
        "message": "संदेश",
        "editProfile": "प्रोफाईल संपादित करा",
        "favoruites": "आवडता",
        "savedAddress": "जतन केलेला पत्ता",
        "privacyPolicies": "गोपनीयता धोरणे",
        "byClicking": "क्लिक करून",
        "iAccept": "मला मान्य आहे",
        "theTerms": "अटी",
        "conditionsAnd": "अटी आणि",
        "priavacyPolicy": "गोपनीयता धोरण.",
        "didn'tReceive": "प्राप्त झाले नाही",
        "verifyVia": "मार्गे सत्यापित करा",
        "pickupWithin": "आत पिकअप",
        "addDebit": "डेबिट जोडा",
        "creditCard": "क्रेडीट कार्ड",
        "yourOrder": "तुझा आदेश",
        "willBe": "असेल",
        "deliver": "वितरित",
        "pickupNoShow": "पिकअप नाही शो",
        "house": "घर",
        "flat": "फ्लॅट",
        "block": "ब्लॉक",
        "blockNumber": "ब्लॉक क्रमांक",
        "appartment": "अपार्टमेंट",
        "road": "रस्ता",
        "area": "क्षेत्र",
        "saveThis": "हे जतन करा",
        "addressAs": "पत्ता म्हणून",
        "areYou": "आपण आहात",
        "sureYou": "नक्की आपण",
        "wantTo": "इच्छित",
        "smsSent": "एसएमएस पाठविला",
        "successfullty": "यशस्वीरित्या",
        "anOtp": "एक ओटीपी",
        "hasBeen": "आहे",
        "sentAt": "येथे पाठविले",
        "yourRegistered": "आपले नोंदणीकृत",
        "otpRetry": "ओटीपी पुन्हा प्रयत्न करा",
        "in00.30Secs": "00.30 सेकंदात",
        "": "#VALUE!",
        "welcome": "आपले स्वागत आहे",
        "toSarvmai": "SARVM.AI",
        "enterMobileNumber": "मोबाइल नंबर प्रविष्ट करा",
        "verificationCode": "सत्यापन कोड",
        "resendOtp": "ओटीपी रीसंड करा",
        "shopAddress": "दुकान पत्ता",
        "searchYourAddress": "आपला पत्ता शोधा",
        "enterDetails": "तपशील प्रविष्ट करा",
        "businessName": "व्यवसायाचे नाव",
        "shopNo": "दुकान क्रमांक",
        "building/Locality": "इमारत/परिसर",
        "saveAndContinue": "सेव्ह आणि सुरू ठेवा",
        "specifyWorkingTime": "कामकाजाचा वेळ निर्दिष्ट करा",
        "sameForEveryDay": "दररोज समान",
        "skip": "वगळा",
        "save&Continue": "जतन करा आणि सुरू ठेवा",
        "startTime": "सुरवातीची वेळ",
        "endTime": "समाप्तीचा कालावधी",
        "done": "पूर्ण झाले",
        "Kyc": "केवायसी",
        "father'sName": "वडिलांचे नाव",
        "dob": "डॉब",
        "uploadProofIdentity": "पुरावा ओळख अपलोड करा",
        "adharCard": "अधार कार्ड",
        "idCardNo.": "आयडी कार्ड क्रमांक",
        "uploadPanCard": "पॅन कार्ड अपलोड करा",
        "panCardNo": "पॅन कार्ड क्रमांक",
        "uploadFileForm": "वरून फाइल अपलोड करा",
        "bankDetails": "बँक तपशील",
        "BeneficiaryName": "लाभार्थी नाव",
        "bankName": "बँकेचे नाव",
        "accountNo": "खाते क्रमांक.",
        "ifsc": "Ifsc",
        "uploadPassbookPhoto": "पासबुक फोटो अपलोड करा",
        "pendingOrders": "प्रलंबित ऑर्डर",
        "details": "तपशील",
        "inventory": "यादी",
        "management": "व्यवस्थापन",
        "order": "ऑर्डर",
        "expenses": "खर्च",
        "crm": "सीआरएम",
        "customer": "ग्राहक",
        "service": "सेवा",
        "b2bBuy": "बी 2 बी खरेदी",
        "promote": "प्रचार",
        "user": "वापरकर्ता",
        "P&L": "पीएल",
        "subscription": "सदस्यता",
        "catalog": "कॅटलॉग",
        "usermanagement": "वापरकर्ता व्यवस्थापन",
        "search": "शोध",
        "addUser": "वापरकर्ता जोडा",
        "reset": "रीसेट",
        "personal": "वैयक्तिक",
        "identity": "ओळख",
        "emergencyContact": "आपत्कालीन संपर्क",
        "employeeId": "कर्मचारी आयडी",
        "fullName": "पूर्ण नाव",
        "assignRoles": "भूमिका नियुक्त करा",
        "emailAddress*": "ईमेल",
        "mobileNumber*": "मोबाइल नंबर *",
        "education": "शिक्षण",
        "AddressLine": "पत्ता ओळ",
        "userManagement": "वापरकर्ता व्यवस्थापन",
        "roles": "भूमिका",
        "dateOfJoining*": "सामील होण्याची तारीख *",
        "uploadAdhaarCard": "अधार कार्ड अपलोड करा",
        "clear": "स्पष्ट",
        "profilePhoto": "प्रोफाइल फोटो",
        "basicSalaryPerMonth": "दरमहा मूलभूत पगार",
        "previous": "मागील",
        "EmergencyContactNumber*": "आणीबाणी संपर्क क्रमांक *",
        "contactName*": "संपर्क नाव *",
        "relationship": "नाते",
        "userCreatedSuccessfully": "वापरकर्त्याने यशस्वीरित्या तयार केले",
        "yay!": "होय!",
        "doj": "सामील होण्याची तारीख",
        "inventoryManager,..": "इन्व्हेंटरी मॅनेजर, ...",
        "empId": "ईएमपी आयडी",
        "activate": "सक्रिय करा",
        "deactivate": "निष्क्रिय करा",
        "phone": "फोन",
        "deletedSuccessfully!": "यशस्वीरित्या हटविले!",
        "voterId": "मतदार आयडी",
        "drivingLicense": "चालक परवाना",
        "updateChanges": "बदल अद्यतनित करा",
        "deactiveToDelete": "हटविण्यासाठी निष्क्रिय",
        "groceries": "किराणा सामान",
        "fishes": "मासे",
        "meat": "मांस",
        "dairy": "डेअरी",
        "tropicalFruits": "उष्णकटिबंधीय फळे",
        "drupe": "Drupe",
        "pome": "POME",
        "berry": "बेरी",
        "others": "इतर",
        "bakery": "बेकरी",
        "flowers": "फुले",
        "nuts": "काजू",
        "legume": "शेंगा",
        "capsules": "कॅप्सूल",
        "updateExisting": "विद्यमान अद्यतनित करा",
        "showAll": "सगळं दाखवा",
        "to": "टू",
        "tropical": "उष्णकटिबंधीय",
        "dragonFruit": "ड्रॅगन फळ",
        "select": "निवडा",
        "fruit": "फळ",
        "passionFruit": "उत्कट फळ",
        "rambutan": "रामबुटन",
        "acail": "अकाई",
        "jackFruit": "फणस",
        "mangosteen": "मॅंगोस्टीन",
        "lychee": "लीची",
        "productDetails": "उत्पादन तपशील",
        "general": "सामान्य",
        "sellingOption": "विक्री पर्याय",
        "returnOption": "परतावा पर्याय",
        "soldBy": "द्वारा विकले",
        "kilogram": "किलोग्राम",
        "liter": "लिटर",
        "placeOfOrigin": "मूळ ठिकाण",
        "AboutProduct": "उत्पादनाबद्दल",
        "grading": "ग्रेडिंग",
        "quantity": "प्रमाण",
        "returnWithin": "आत परत जा",
        "noReturn": "परतावा नाही",
        "sameDay": "त्याच दिवशी",
        "nextDay": "दुसर्‍या दिवशी",
        "costPrice": "किंमत किंमत",
        "Hrs": "एचआरएस",
        "sku": "एसकेयू",
        "maxQtyPerOrder": "कमाल. qty प्रति ऑर्डर",
        "stockStatus": "स्टॉक स्थिती",
        "regularPrice": "नियमित किंमत",
        "inStock": "स्टॉक मध्ये",
        "outOfStock": "स्टॉकच्या बाहेर",
        "discountPrice": "सवलत किंमत",
        "days": "दिवस",
        "hours": "तास",
        "saveProduct": "उत्पादन जतन करा",
        "productAddedSuccessfully": "उत्पादन यशस्वीरित्या जोडले",
        "addPhoto": "फोटो जोडा",
        "productListedSuccessfully": "उत्पादन यशस्वीरित्या सूचीबद्ध",
        "pendingDetails": "प्रलंबित तपशील",
        "listed": "सूचीबद्ध",
        "unlisted": "परवानगी नाही",
        "tropicalFruit(7)": "उष्णकटिबंधीय फळ (7)",
        "viewALl": "सर्व पहा",
        "addDetail": "तपशील जोडा",
        "unlist": "अनलिस्ट",
        "drupeFruit(10)": "ड्रूप फळ (10)",
        "aboutProduct": "उत्पादनाबद्दल",
        "costprice": "किंमत किंमत",
        "mini.PricePerOrder": "मिनी. किंमत",
        "customerPickup": "ग्राहक पिकअप",
        "ownDelivery": "स्वत: ची वितरण",
        "thirdParty": "तृतीय पक्ष",
        "processignTime": "प्रक्रियेची वेळ",
        "Mins": "मि",
        "pickupSlots": "पिकअप स्लॉट",
        "delete": "हटवा",
        "save": "जतन करा",
        "deliverySlots": "वितरण स्लॉट",
        "deliveryOptions": "वितरण पर्याय",
        "distanceCovers": "अंतर कव्हर्स",
        "Km": "किमी",
        "deliveryCharge": "वितरण शुल्क",
        "onOrdersMore": "अधिक ऑर्डरवर",
        "than": "पेक्षा पेक्षा",
        "enableFreeShipping": "विनामूल्य शिपिंग सक्षम करा",
        "capacity": "क्षमता",
        "deliveryPartner": "वितरण भागीदार",
        "finalThoughts": "अंतिम विचार",
        "enterMobile": "मोबाइल नंबर प्रविष्ट करा",
        "numberFor": "साठी क्रमांक",
        "otpVerification": "ओटीपी सत्यापन",
        "terms&Conditions": "अटी व शर्ती",
        "andPrivacyPolicy": "आणि गोपनीयता धोरण",
        "pleaseEnterThe": "कृपया प्रविष्ट करा",
        "sentFor": "साठी पाठविले",
        "theOtp": "ओटीपी",
        "yourShop": "आपले दुकान",
        "workingHours": "कामाचे तास",
        "nameAsPer": "नुसार नाव",
        "PanCard": "पॅन कार्ड",
        "re-enter": "पुन्हा प्रवेश",
        "accountNo.": "खाते क्रमांक.",
        "areYouSure": "तुला खात्री आहे.",
        "doYouWant": "तुला पाहिजे आहे का?",
        "toDelete?": "हटविण्यासाठी?",
        "youCannotDelete": "आपण हटवू शकत नाही",
        "activeUser!": "सक्रिय वापरकर्ता!",
        "selectCategory": "श्रेणी निवडा",
        "toAddProduct": "उत्पादन जोडण्यासाठी",
        "mini.qty": "मिनी. qty",
        "perOrder": "प्रति ऑर्डर",
        "yourUnsaved": "आपले जतन केलेले",
        "detailsWill": "तपशील होईल",
        "beLost": "हरवले.",
        "saveChanges": "बदल जतन करा",
        "beforeClosing": "बंद करण्यापूर्वी",
        "wouldYouLike": "तुला आवडेल का",
        "toMoveTo": "वर जाण्यासाठी",
        "listedItem": "सूचीबद्ध आयटम",
        "max.qty": "कमाल. qty",
        "rambutanIs": "रामबुटन आहे",
        "movedTo": "कडे हलवले; स्थलांतरित केले",
        "BPLID": "बीपीएल आयडी",
        "pickupAnd": "पिकअप आणि",
        "imSelling": "मी विक्री करीत आहे",
        "searchBy": "द्वारे शोध",
        "fruitsCategory": "फळे श्रेणी",
        "selectFruits": "फळे निवडा",
        "drupeFruit": "Drupe फळ",
        "pomeFruit": "पोम फळ",
        "saveContinue": "जतन करा आणि सुरू ठेवा",
        "miniQty": "मिनी.क्यूटी",
        "maxQty": "कमाल क्वाटी",
        "miniPrice": "मिनी किंमत",
        "producAdded": "उत्पादन जोडले",
        "successfullyYay": "यशस्वीरित्या होय",
        "wouldYou": "आपण",
        "likeTo": "आवडते",
        "moveTo": "पुढे व्हा",
        "ListedItem": "सूचीबद्ध आयटम",
        "areYouDelivering": "आपण वितरित करीत आहात?",
        "procesingTime": "प्रक्रियेची वेळ",
        "onOrder": "ऑर्डर वर",
        "enableFree": "विनामूल्य सक्षम करा",
        "shipping": "शिपिंग",
        "availOur": "आमचा आनंद घ्या",
        "deliveryService": "वितरण सेवा",
        "DelieveryPartner": "वितरण भागीदार",
        "ChooseYourLanguage": "आपली भाषा निवडा",
        "SearchLanguage": "शोध भाषा",
        "EntermobilenumberforOTP verification": "ओटीपी सत्यापनासाठी मोबाइल नंबर प्रविष्ट करा",
        "Pleaseentetheverificationcodesentfor": "कृपया पाठविलेला सत्यापन कोड प्रविष्ट करा",
        "Selectyourlanguagehere": "आपली भाषा येथे निवडा",
        "Addressdetail": "पत्ता तपशील",
        "PanProof": "पॅन पुरावा",
        "FixedRetailershop": "निश्चित किरकोळ विक्रेता दुकान",
        "MobileRetailershop": "मोबाइल किरकोळ विक्रेता दुकान",
        "Iown": "माझ्या मालकीचे आहे",
        "Membershipplan": "सदस्यता योजना",
        "PerMonth": "दर महिन्याला",
        "Basic": "मूलभूत",
        "Onlineshopspace": "ऑनलाइन दुकान जागा",
        "Sell/purchase": "विक्री/खरेदी",
        "Creditmanagement": "क्रेडिट व्यवस्थापन",
        "Owndelivery": "स्वत: ची वितरण",
        "Onlinepayment": "ऑनलाइन देय",
        "Catalougepayment": "कॅटॅलॉज पेमेंट",
        "PerOrderManagement": "प्रति ऑर्डर व्यवस्थापन",
        "Managecustomers": "ग्राहक व्यवस्थापित करा",
        "BuyNow": "आता खरेदी करा",
        "Skip": "वगळा",
        "Close": "बंद",
        "Open": "उघडा",
        "ReferandEarn": "पहा आणि कमवा",
        "Shoppicture": "दुकान चित्र",
        "Edit": "सुधारणे",
        "Mywallet": "माझे पाकीट",
        "MyRewards": "माझे बक्षिसे",
        "Invitepeoplefromyournetworkandlearncashrewards": "आपल्या नेटवर्कमधील लोकांना आमंत्रित करा आणि रोख बक्षिसे शिका",
        "Getcashrewardsupto": "पर्यंत रोख बक्षीस मिळवा",
        "Invite": "आमंत्रित करा",
        "ReferralStatus": "संदर्भ स्थिती",
        "TotalReferal": "एकूण संदर्भ",
        "Acknowledge": "कबूल करा",
        "Signup": "साइनअप",
        "Order": "ऑर्डर",
        "ProfileComplete": "प्रोफाइल पूर्ण",
        "Referred": "संदर्भित",
        "invite": "आमंत्रित करा",
        "Indiidual": "इंडिडीयल",
        "Deliveryvalet": "वितरण वॉलेट",
        "Wholeseller": "घाऊक विक्रेता",
        "Farmer": "शेतकरी",
        "Trader/Broker": "व्यापारी/दलाल",
        "Deliverypartner": "वितरण भागीदार",
        "InviteeMobileNumber": "आमंत्रित मोबाइल नंबर",
        "ReferralSMSsendsucessfully": "रेफरल एसएमएस यशस्वीपणे पाठवा",
        "RequestingReferretoGiveaMissCallon": "एक मिस कॉल देण्याची विनंती करत आहे",
        "TotalRewardsEarn": "एकूण बक्षिसे कमावतात",
        "MyReferrals": "माझे संदर्भ",
        "IncreaseEarningBy": "कमाई वाढवा",
        "IncreaseReferralEarningonEachsucessfuinvite": "प्रत्येक यशस्वी आमंत्रणावर रेफरल कमाई वाढवा",
        "Youcanwin": "आपण जिंकू शकता",
        "YouWon": "तू जिंकलास",
        "ByReferring": "संदर्भ देऊन",
        "Completed": "पूर्ण",
        "Incompleted": "अपूर्ण",
        "Referralstatus": "संदर्भ स्थिती",
        "Orderd": "ऑर्डर",
        "First order": "पहिली मागणी",
        "ProfileCompleted": "प्रोफाइल पूर्ण झाले",
        "Reminder": "स्मरणपत्र"
    }
}