{
    "System": {
        "item": "ଆଇଟମ୍",
        "product": "ଉତ୍ପାଦ",
        "price": "ମୂଲ୍ୟ",
        "cost": "ମୂଲ୍ୟ",
        "name": "ନାମ",
        "fruis": "ଫଳଗୁଡିକ",
        "address": "ଠିକଣା",
        "error": "ତ୍ରୁଟି",
        "selectYourLanguage": "ଆପଣଙ୍କର ଭାଷା ଚୟନ କରନ୍ତୁ |",
        "selectYourPreference": "ଆପଣଙ୍କର ପସନ୍ଦ ଚୟନ କରନ୍ତୁ |",
        "vegetarian": "ଶାକାହାରୀ",
        "nonVegetarian": "ଅଣ-ଶାକାହାରୀ |",
        "getStarted": "ଆରମ୍ଭ ହୋଇଗଲା",
        "selectYourCity": "ତୁମର ସହର ଚୟନ କର |",
        "procced": "ଅଗ୍ରଗତି କର |",
        "filters": "ଫିଲ୍ଟର୍",
        "sortBy": "ଦ୍ boot ାରା ସର୍ଟ କରନ୍ତୁ |",
        "veg": "ଶାକାହାରୀ",
        "ratings4+": "ରେଟିଂ 4+",
        "nearYou": "ଆପଣଙ୍କ ନିକଟରେ",
        "mobileNumber": "ମୋବାଇଲ୍ ନମ୍ବର",
        "otp": "Otp",
        "continue": "ଜାରି ରଖ |",
        "call": "କଲ୍ କରନ୍ତୁ |",
        "sms": "ଏସଏମଏସ",
        "whatsApp": "ହ୍ ats ାଟସ୍ ଆପ୍ |",
        "orderAgain": "ପୁଣି ଅର୍ଡର କର",
        "currentLocation": "ସାମ୍ପ୍ରତିକ ଅବସ୍ଥାନ |",
        "usingGps": "ଜିପି ବ୍ୟବହାର କରିବା |",
        "frequentlyUsed": "ବାରମ୍ବାର କିଣିଛି |",
        "other": "ଅନ୍ୟ",
        "work": "କାର୍ଯ୍ୟ",
        "home": "ଘର",
        "recentSearch": "ସାମ୍ପ୍ରତିକ ସନ୍ଧାନ |",
        "selectLocation": "ଅବସ୍ଥାନ ଚୟନ କରନ୍ତୁ |",
        "change": "ପରିବର୍ତ୍ତନ",
        "confirmLocation": "ଅବସ୍ଥାନ ନିଶ୍ଚିତ କରନ୍ତୁ |",
        "distanceLessThan": "ଠାରୁ କମ୍ ଦୂରତା |",
        "km": "କିଲୋମିଟର",
        "moreThan": "ଠାରୁ ଅଧିକ",
        "all": "ସମସ୍ତ",
        "delivery": "ବିତରଣ",
        "pickUp": "ପିକଅପ୍ |",
        "previousOrder": "ପୂର୍ବ କ୍ରମ",
        "recommended": "ସୁପାରିଶ କରାଯାଇଛି |",
        "aboutSeller": "ବିକ୍ରେତା ବିଷୟରେ",
        "sellingItems": "ଆଇଟମ୍ ବିକ୍ରୟ |",
        "menu": "ମେନୁ",
        "addToFavorites": "ପ୍ରିୟମାନଙ୍କୁ ଯୋଡନ୍ତୁ |",
        "share": "ଅଂଶୀଦାର କରନ୍ତୁ |",
        "shopInformation": "ଦୋକାନ ସୂଚନା",
        "more": "ଅଧିକ",
        "fruits": "ଫଳଗୁଡିକ",
        "vegetables": "ପନିପରିବା |",
        "today": "ଆଜି",
        "tomorrow": "ଆସନ୍ତାକାଲି",
        "addQuantity": "ପରିମାଣ ଯୋଗ କରନ୍ତୁ |",
        "pieces": "ଖଣ୍ଡଗୁଡ଼ିକ",
        "numberOfpieces": "ଖଣ୍ଡଗୁଡ଼ିକର ସଂଖ୍ୟା",
        "amount": "ପରିମାଣ",
        "viewCart": "କାର୍ଟ ଦେଖନ୍ତୁ |",
        "orderSummary": "କ୍ରମ ସାରାଂଶ",
        "detailedBill": "ବିସ୍ତୃତ ବିଲ୍ |",
        "cartTotal": "କାର୍ଟ ସମୁଦାୟ",
        "discount": "ରିହାତି",
        "total": "ସମୁଦାୟ",
        "selfPickup": "ସେଲ୍ପ୍ ପିକଅପ୍ |",
        "totalPayable": "ସମୁଦାୟ ଦେୟଯୋଗ୍ୟ |",
        "payAtPickup": "ପିକଅପ୍ ରେ ଦେୟ ଦିଅ |",
        "savedDetails": "ସବିଶେଷ ବିବରଣୀ ସଞ୍ଚୟ ହୋଇଛି |",
        "debitAtmCard": "ଡେବିଟ୍ / ଏଟିଏମ୍ କାର୍ଡ |",
        "netBanking": "ନିଟ୍ ବ୍ୟାଙ୍କିଙ୍ଗ୍ |",
        "addDebitCreditCard": "ଡେବିଟ୍ / କ୍ରେଡିଟ୍ କାର୍ଡ ଯୋଡନ୍ତୁ |",
        "walletsUpi": "ୱାଲେଟ୍ ଏବଂ ୟୁଇ",
        "phonepe": "ଫୋନ୍ଦେ",
        "paytm": "ପେଟି",
        "otherUpi": "ଅନ୍ୟ",
        "paySecurely": "ସୁରକ୍ଷିତ ଭାବରେ ଦେୟ ଦିଅ |",
        "deliverAt": "ରେ ବିତରଣ କରନ୍ତୁ |",
        "noContact": "କ contaction ଣସି ସମ୍ପର୍କ ନାହିଁ",
        "scheduledDelivery": "ନିର୍ଧାରିତ ବିତରଣ |",
        "am": "ମୁଁ",
        "pm": "PM",
        "hour": "ଘଣ୍ଟା",
        "freeDelivery": "ମାଗଣା ବିତରଣ |",
        "enterCvv": "CVV ପ୍ରବେଶ କରନ୍ତୁ |",
        "cardNumber": "କାର୍ଡ଼ ସଂଖ୍ୟା",
        "expiry": "ସମାପ୍ତି",
        "nameOnCard": "ପତ୍ର ଉପରେ ଲିଖିତ ନାମ।",
        "saveCardDetails": "କାର୍ଡ ବିବରଣୀ ସଞ୍ଚୟ କରନ୍ତୁ |",
        "icici": "ଆଇସିସି",
        "sbi": "SBI",
        "hdfc": "HDFC",
        "moreBanks": "ଅଧିକ ବ୍ୟାଙ୍କଗୁଡିକ |",
        "orderConfirmed": "ଅର୍ଡର ନିଶ୍ଚିତ ହୋଇଛି |",
        "orderNumber": "ଅର୍ଡର ନମ୍ବର",
        "payment": "ଦେୟ",
        "dateOfOrder": "କ୍ରମର ତାରିଖ",
        "help": "ସାହାଯ୍ୟ",
        "trackOrder": "ଟ୍ରାକ୍ ଅର୍ଡର |",
        "activeOrder": "ସକ୍ରିୟ କ୍ରମ |",
        "view": "ଦର୍ଶନ",
        "chat": "ଚାଟ୍ କରନ୍ତୁ |",
        "orderDetails": "ବିବରଣୀ ଅର୍ଡର କରନ୍ତୁ |",
        "cancel": "ବାତିଲ୍ କରନ୍ତୁ |",
        "support": "ସମର୍ଥନ",
        "orderTotal": "ସମୁଦାୟ ଅର୍ଡର କରନ୍ତୁ |",
        "orderPlaced": "ଦିଆଯାଇଥିବା ଆଦେଶ",
        "orederAccepted": "ଆଦେଶ ଗ୍ରହଣ",
        "processing": "ପ୍ରକ୍ରିୟାକରଣ",
        "ready": "ପ୍ରସ୍ତୁତ",
        "dispatched": "ପଠାଗଲା",
        "contactSeller": "ବିକ୍ରେତାଙ୍କ ସହିତ ଯୋଗାଯୋଗ କରନ୍ତୁ |",
        "viewOrderSummary": "ଅର୍ଡର ସାରାଂଶ ଦେଖନ୍ତୁ |",
        "addInstructions": "ନିର୍ଦ୍ଦେଶାବଳୀ ଯୋଡନ୍ତୁ",
        "myAccount": "ମୋ ଖାତା",
        "favorite": "ପ୍ରିୟ",
        "settings": "ସେଟିଂସମୂହ",
        "myAddress": "ମୋ ଠିକଣା",
        "myFamily": "ମୋର ପରିବାର",
        "refer": "ଅନୁସରଣ କରନ୍ତୁ |",
        "individual": "ବ୍ୟକ୍ତିଗତ",
        "busness": "ବ୍ୟବସାୟ",
        "postOrder": "ପୋଷ୍ଟ କ୍ରମ",
        "logout": "ପ୍ରସ୍ଥାନ କର",
        "contactNumber": "ଯୋଗାଯୋଗ ସଂଖ୍ୟା",
        "relation": "ସମ୍ପର୍କ",
        "getOtp": "OTP ପାଆନ୍ତୁ |",
        "enterOtp": "OTP ପ୍ରବେଶ କରନ୍ତୁ |",
        "mail": "ମେଲ୍",
        "facebook": "ଫେସବୁକ୍",
        "email": "ଇମେଲ୍",
        "contact": "ଯୋଗାଯୋଗ କରନ୍ତୁ |",
        "update": "ଅଦ୍ୟତନ କରନ୍ତୁ |",
        "items": "ବସ୍ତୁଗୁଡ଼ିକ",
        "shops": "ଦୋକାନଗୁଡିକ",
        "allowLocation": "ଅବସ୍ଥାନକୁ ଅନୁମତି ଦିଅନ୍ତୁ |",
        "allowNotification": "ବିଜ୍ଞପ୍ତି ଅନୁମତି ଦିଅନ୍ତୁ |",
        "homeWork": "ଗୃହ କାର୍ଯ୍ୟ",
        "addNewAddress": "ନୂତନ ଠିକଣା ଯୋଡନ୍ତୁ |",
        "landMark": "ଜମି ଚିହ୍ନ",
        "saveAndProceed": "ସଞ୍ଚୟ କର ଏବଂ ଅଗ୍ରଗତି କର |",
        "termsAndConditions": "ସର୍ତ୍ତାବଳୀ",
        "faqs": "FAQs",
        "privacyPolicy": "ଗୋପନୀୟତା ନୀତି",
        "contactUs": "ଆମ ସହିତ ଯୋଗାଯୋଗ କରନ୍ତୁ |",
        "customerCare": "ଗ୍ରାହକ ସେବା",
        "customerCareNumber": "ଗ୍ରାହକ ସେବା ସଂଖ୍ୟା |",
        "yes": "ହଁ",
        "no": "ନା",
        "validateAgain": "ପୁନର୍ବାର ବ valid ଧ କରନ୍ତୁ |",
        "employee": "କର୍ମଚାରୀ",
        "onboard": "ସବାର",
        "selfOnBoard": "ସେଲ୍ଫ୍ ଅନ୍ବୋର୍ଡ |",
        "onboardByBuisness": "ବ୍ୟବସାୟ ଦ୍ୱାରା ଅନ୍ବୋର୍ଡ |",
        "retailer": "ଖୁଚୁରା ବ୍ୟବସାୟୀ",
        "middleMan": "ମଧ୍ୟମ",
        "former": "କୃଷକ",
        "phoneNumber": "ଫୋନ୍ ନମ୍ବର",
        "houseNo": "ଘର ନା",
        "building": "ନିର୍ମାଣ",
        "street": "ଗଳି",
        "landmark": "ଚିହ୍ନ ଚିହ୍ନ",
        "state": "ରାଜ୍ୟ",
        "city": "ସହର",
        "pincode": "ପିନକୋଡ୍ |",
        "location": "ଅବସ୍ଥାନ",
        "submit": "ଦାଖଲ କର |",
        "editAddress": "ଠିକଣା ସଂପାଦନ କରନ୍ତୁ",
        "addMember": "ସଦସ୍ୟ ଯୋଡନ୍ତୁ |",
        "deliveryWithin": "ଭିତରେ ବିତରଣ |",
        "notification": "ବିଜ୍ଞପ୍ତି",
        "voice": "ସ୍ୱର",
        "fruitsShop": "ଫଳ ଦୋକାନ",
        "delivering": "ବିତରଣ",
        "notDelivering": "ବିତରଣ ନକରିବା",
        "sellerProfile": "ବିକ୍ରେତା ପ୍ରୋଫାଇଲ୍ |",
        "fabulous": "ଫାବୁଲସ୍ |",
        "customerRated": "ଗ୍ରାହକ ମୂଲ୍ୟାୟନ",
        "searchLocation": "ସନ୍ଧାନ ସ୍ଥାନ",
        "shopByCategories": "ବର୍ଗଗୁଡିକ ଦ୍ୱାରା କିଣନ୍ତୁ |",
        "next": "ପରବର୍ତ୍ତୀ",
        "shopInfo": "ଦୋକାନ ସୂଚନା",
        "vegatables": "ଭେଗେଟେବଲ୍ |",
        "localGarden": "ସ୍ଥାନୀୟ ଉଦ୍ୟାନ",
        "confirm": "ନିଶ୍ଚିତ କର |",
        "cancelOrder": "କ୍ରମ ବାତିଲ୍ କରନ୍ତୁ |",
        "reffer": "ଅନୁସରଣ କରନ୍ତୁ |",
        "business": "ବ୍ୟବସାୟ",
        "pastOrders": "ଅତୀତର ଆଦେଶ",
        "viewMoreOrders": "ଅଧିକ ଅର୍ଡର ଦେଖନ୍ତୁ |",
        "logOut": "ପ୍ରସ୍ଥାନ କର",
        "add": "ଯୋଡନ୍ତୁ |",
        "verify": "ଯାଞ୍ଚ କରନ୍ତୁ |",
        "refferBy": "ଦ୍ୱାରା ଅନୁସରଣ କରନ୍ତୁ |",
        "whatsapp": "ହ୍ ats ାଟସ୍ ଆପ୍ |",
        "message": "ବାର୍ତ୍ତା |",
        "editProfile": "ପ୍ରୋଫାଇଲ୍ ଏଡ଼ିଟ୍ କରନ୍ତୁ",
        "favoruites": "ପ୍ରିୟତମ",
        "savedAddress": "ସଞ୍ଚିତ ଠିକଣା",
        "privacyPolicies": "ଗୋପନୀୟତା ନୀତି",
        "byClicking": "କ୍ଲିକ୍ କରି |",
        "iAccept": "ମୁଁ ସ୍ଵୀକାର କରୁଛି",
        "theTerms": "ସର୍ତ୍ତାବଳୀ",
        "conditionsAnd": "ସର୍ତ୍ତ ଏବଂ",
        "priavacyPolicy": "ଗୋପନୀୟତା ନୀତି",
        "didn'tReceive": "ଗ୍ରହଣ କରିନାହିଁ |",
        "verifyVia": "ମାଧ୍ୟମରେ ଯାଞ୍ଚ କରନ୍ତୁ |",
        "pickupWithin": "ଭିତରେ ପିକଅପ୍ |",
        "addDebit": "ଡେବିଟ୍ ଯୋଡନ୍ତୁ |",
        "creditCard": "କ୍ରେଡିଟ୍ କାର୍ଡ଼",
        "yourOrder": "ତୁମ ଅର୍ଡ",
        "willBe": "ହବ",
        "deliver": "ବିତରଣ କର |",
        "pickupNoShow": "ପିକଅପ୍ କ show ଣସି ଶୋ ଦେଖାନ୍ତୁ ନାହିଁ |",
        "house": "ଘର",
        "flat": "ଫ୍ଲାଟ",
        "block": "ବ୍ଲକ",
        "blockNumber": "ବ୍ଲକ ନମ୍ବର",
        "appartment": "ଆପାର୍ଟମେଣ୍ଟ",
        "road": "ରାସ୍ତା",
        "area": "କ୍ଷେତ୍ର",
        "saveThis": "ଏହାକୁ ସଞ୍ଚୟ କରନ୍ତୁ |",
        "addressAs": "ଯେପରି ଠିକଣା",
        "areYou": "ତୁମେ କି",
        "sureYou": "ନିଶ୍ଚିତ ତୁମେ",
        "wantTo": "ଚାହେଁ",
        "smsSent": "SMS ପଠାଯାଇଛି |",
        "successfullty": "ସଫଳତାର ସହିତ |",
        "anOtp": "ଏକ OTP",
        "hasBeen": "ହେଇ ଯାଇଛି",
        "sentAt": "କୁ ପଠାଇଲେ",
        "yourRegistered": "ତୁମର ପଞ୍ଜିକୃତ",
        "otpRetry": "OTP ପୁନ ry ଚେଷ୍ଟା କରନ୍ତୁ |",
        "in00.30Secs": "00.30 ସେକେଣ୍ଡରେ |",
        "": "#VALUE!",
        "welcome": "ସ୍ୱାଗତ",
        "toSarvmai": "to sarvm.ai କୁ |",
        "enterMobileNumber": "ମୋବାଇଲ୍ ନମ୍ବର ପ୍ରବେଶ କରନ୍ତୁ |",
        "verificationCode": "ପ୍ରମାଣ ସଂକେତ",
        "resendOtp": "OTP କୁ ପୁନ endendendende ପଠାନ୍ତୁ |",
        "shopAddress": "ଦୋକାନ ଠିକଣା",
        "searchYourAddress": "ତୁମର ଠିକଣା ଖୋଜ |",
        "enterDetails": "ବିବରଣୀ ପ୍ରବେଶ କରନ୍ତୁ |",
        "businessName": "ବ୍ୟବସାୟ ନାମ",
        "shopNo": "ଦୋକାନ ନମ୍ବର",
        "building/Locality": "ବିଲଡିଂ / ସ୍ଥାନୀୟତା |",
        "saveAndContinue": "ସଞ୍ଚୟ ଏବଂ ଜାରି ରଖ |",
        "specifyWorkingTime": "କାର୍ଯ୍ୟ ସମୟ ନିର୍ଦ୍ଦିଷ୍ଟ କରନ୍ତୁ |",
        "sameForEveryDay": "ପ୍ରତ୍ୟେକ ଦିନ ସମାନ |",
        "skip": "ଛାଡିଦିଅ |",
        "save&Continue": "ସଞ୍ଚୟ କରନ୍ତୁ ଏବଂ ଜାରି ରଖନ୍ତୁ |",
        "startTime": "ସମୟ ଆରମ୍ଭ",
        "endTime": "ଶେଷ ସମୟ",
        "done": "ସମ୍ପନ୍ନ",
        "Kyc": "କାଳ",
        "father'sName": "ପିତାଙ୍କ ନାମ",
        "dob": "ଡବ୍",
        "uploadProofIdentity": "ପ୍ରୁଫ୍ ପରିଚୟ |",
        "adharCard": "ଆଡହର କାର୍ଡ |",
        "idCardNo.": "Id କାର୍ଡ ନମ୍ବର",
        "uploadPanCard": "ପ୍ୟାନ କାର୍ଡ ଅପଲୋଡ୍ କରନ୍ତୁ |",
        "panCardNo": "ପାନ୍ କାର୍ଡ ନମ୍ବର",
        "uploadFileForm": "ଏଥିରୁ ଫାଇଲ୍ ଅପଲୋଡ୍ କରନ୍ତୁ |",
        "bankDetails": "ବ୍ୟାଙ୍କ ବିବରଣୀ",
        "BeneficiaryName": "ହିତାଧିକାରୀ ନାମ",
        "bankName": "ବ୍ୟାଙ୍କ ନାମ",
        "accountNo": "ଖାତା ନମ୍ବର",
        "ifsc": "Ifsc",
        "uploadPassbookPhoto": "ପାସବୁକ୍ ଫଟୋ ଅପଲୋଡ୍ କରନ୍ତୁ |",
        "pendingOrders": "ପଣ୍ଡାଳନା ଆଦେଶ |",
        "details": "ବିବରଣୀ",
        "inventory": "ଭଣ୍ଡାର",
        "management": "ପରିଚାଳନା",
        "order": "କ୍ରମ",
        "expenses": "ଖର୍ଚ୍ଚ",
        "crm": "CRM",
        "customer": "ଗ୍ରାହକ",
        "service": "ସେବା",
        "b2bBuy": "B2B କିଣ |",
        "promote": "ପ୍ରୋତ୍ସାହନ ଦିଅ |",
        "user": "ଉପଯୋଗକର୍ତ୍ତା |",
        "P&L": "P & L",
        "subscription": "ସଦସ୍ୟତା",
        "catalog": "କାଟାଲଗ୍ |",
        "usermanagement": "ବ୍ୟବହାରକାରୀ Enterರ್",
        "search": "ସନ୍ଧାନ କର |",
        "addUser": "ଉପଯୋଗକର୍ତ୍ତା ଯୋଡନ୍ତୁ |",
        "reset": "ପୁନ et ସେଟ୍ କରନ୍ତୁ |",
        "personal": "ବ୍ୟକ୍ତିଗତ",
        "identity": "ପରିଚୟ",
        "emergencyContact": "ଜରୁରୀକାଳୀନ ଯୋଗାଯୋଗ |",
        "employeeId": "କର୍ମଚାରୀ ID",
        "fullName": "ପୁରା ନାମ",
        "assignRoles": "ଭୂମିକା ନ୍ୟସ୍ତ କରନ୍ତୁ |",
        "emailAddress*": "ଇମେଲ୍",
        "mobileNumber*": "ମୋବାଇଲ୍ ନମ୍ବର *",
        "education": "ଶିକ୍ଷା",
        "AddressLine": "ଠିକଣା ରେଖା",
        "userManagement": "ବ୍ୟବହାରକାରୀ Enterರ್",
        "roles": "ଭୂମିକା",
        "dateOfJoining*": "ଯୋଗଦାନ ତାରିଖ *",
        "uploadAdhaarCard": "ଆଡହର କାର୍ଡ ଅପଲୋଡ୍ କରନ୍ତୁ |",
        "clear": "ସଫା",
        "profilePhoto": "ପ୍ରୋଫାଇଲ୍ ଫଟୋ",
        "basicSalaryPerMonth": "ପ୍ରତି ମାସରେ ମ basic ଳିକ ଦରମା |",
        "previous": "ପୂର୍ବ",
        "EmergencyContactNumber*": "ଜରୁରୀକାଳୀନ ଯୋଗାଯୋଗ ନମ୍ବର *",
        "contactName*": "ଯୋଗାଯୋଗ ନାମ *",
        "relationship": "ସମ୍ପର୍କ",
        "userCreatedSuccessfully": "ଉପଯୋଗକର୍ତ୍ତା ସଫଳତାର ସହିତ ସୃଷ୍ଟି କରିଛନ୍ତି |",
        "yay!": "ବାଃ!",
        "doj": "ଯୋଗଦାନର ତାରିଖ",
        "inventoryManager,..": "ଇନଭେଣ୍ଟୋରୀ ପରିଚାଳକ, ...",
        "empId": "Agex id",
        "activate": "ସକ୍ରିୟ କରନ୍ତୁ |",
        "deactivate": "ନିଷ୍କ୍ରିୟ କରନ୍ତୁ |",
        "phone": "ଫୋନ୍",
        "deletedSuccessfully!": "ସଫଳତାର ସହିତ ବିଲୋପ ହେଲା!",
        "voterId": "ଭୋଟର ID",
        "drivingLicense": "ଡ୍ରାଇଭିଂ ଲାଇସେନ୍ସ |",
        "updateChanges": "ପରିବର୍ତ୍ତନ ପରିବର୍ତ୍ତନ ଅଦ୍ୟତନ କରନ୍ତୁ |",
        "deactiveToDelete": "ବିଲୋପ କରିବାକୁ ନିଷ୍କ୍ରିୟ |",
        "groceries": "ଖାଦ୍ୟ ସାମଗ୍ରୀ",
        "fishes": "ମାଛଗୁଡିକ",
        "meat": "ମାଂସ",
        "dairy": "ଦୁଗ୍ଧ",
        "tropicalFruits": "ଟ୍ରପିକାଲ୍ ଫଳଗୁଡିକ",
        "drupe": "ଡ୍ରୁପ୍",
        "pome": "ପେମ୍",
        "berry": "ବିରି",
        "others": "ଅନ୍ୟମାନେ",
        "bakery": "ବେକେରୀ",
        "flowers": "ଫୁଲ",
        "nuts": "ବାଦାମ",
        "legume": "ଲେମ୍ବୁ",
        "capsules": "କ୍ୟାପସୁଲ |",
        "updateExisting": "ବିଦ୍ୟମାନ ଅଦ୍ୟତନ କରନ୍ତୁ |",
        "showAll": "ସମସ୍ତ ଦର୍ଶାନ୍ତୁ",
        "to": "କୁ",
        "tropical": "ଟ୍ରପିକାଲ୍",
        "dragonFruit": "ଡ୍ରାଗନ ଫଳ",
        "select": "ଚୟନ କରନ୍ତୁ |",
        "fruit": "ଫଳ",
        "passionFruit": "ଆବେଗ ଫଳ",
        "rambutan": "ରାମ୍ବୁଟାନ୍ |",
        "acail": "ଆକାଇ |",
        "jackFruit": "ଜ୍ୟାକ୍ ଫଳ",
        "mangosteen": "ଆମାଙ୍ଗୋସୋ ପର୍ଯ୍ୟନ୍ତ |",
        "lychee": "Lychee |",
        "productDetails": "ଉତ୍ପାଦ ବିବରଣୀ",
        "general": "ସାଧାରଣ",
        "sellingOption": "ବିକ୍ରୟ ବିକଳ୍ପ |",
        "returnOption": "ଫେରସ୍ତ ବିକଳ୍ପ",
        "soldBy": "ଦ୍ୱାରା ବିକ୍ରି",
        "kilogram": "କିଲୋଗ୍ରାମ",
        "liter": "ଲିଟର",
        "placeOfOrigin": "ଉତ୍ପତ୍ତି ସ୍ଥାନ",
        "AboutProduct": "ଉତ୍ପାଦ ବିଷୟରେ",
        "grading": "ଗ୍ରେଡିଂ",
        "quantity": "ପରିମାଣ",
        "returnWithin": "ଭିତରେ ଫେରନ୍ତୁ |",
        "noReturn": "କ return ଣସି ପ୍ରତ୍ୟାବର୍ତ୍ତନ ନାହିଁ",
        "sameDay": "ଯେଉଁ ଦିନ",
        "nextDay": "ପରଦିନ",
        "costPrice": "ମୂଲ୍ୟ",
        "Hrs": "00",
        "sku": "SKU",
        "maxQtyPerOrder": "ସର୍ବାଧିକ qty କ୍ରମ",
        "stockStatus": "ଷ୍ଟକ୍ ସ୍ଥିତି",
        "regularPrice": "ନିୟମିତ ମୂଲ୍ୟ",
        "inStock": "ମହଜୁଦ ଅଛି",
        "outOfStock": "ଷ୍ଟକ୍ ସେଶ",
        "discountPrice": "ରିହାତି ମୂଲ୍ୟ",
        "days": "ଦିନ",
        "hours": "ଘଣ୍ଟା",
        "saveProduct": "ଉତ୍ପାଦ ସଞ୍ଚୟ କରନ୍ତୁ |",
        "productAddedSuccessfully": "ଉତ୍ପାଦ ସଫଳତାର ସହିତ ଯୋଡି ହେଲା |",
        "addPhoto": "ଫଟୋ ଯୋଡନ୍ତୁ |",
        "productListedSuccessfully": "ଉତ୍ପାଦ ସଫଳତାର ସହିତ ତାଲିକାଭୁକ୍ତ |",
        "pendingDetails": "ସବିଶେଷ ବିବରଣୀ",
        "listed": "ତାଲିକାଭୁକ୍ତ |",
        "unlisted": "ତାଲିକାଭୁକ୍ତ",
        "tropicalFruit(7)": "ଟ୍ରପିକାଲ୍ ଫଳ (7)",
        "viewALl": "ସମସ୍ତ ଦେଖନ୍ତୁ |",
        "addDetail": "ସବିଶେଷ ତଥ୍ୟ ଯୋଡନ୍ତୁ |",
        "unlist": "ଅଣସଂଖ୍ୟକ",
        "drupeFruit(10)": "ଡ୍ରୁପ୍ ଫଳ (10)",
        "aboutProduct": "ଉତ୍ପାଦ ବିଷୟରେ",
        "costprice": "ମୂଲ୍ୟ",
        "mini.PricePerOrder": "ମିନି ମୂଲ୍ୟ",
        "customerPickup": "ଗ୍ରାହକ ପିକଅପ୍ |",
        "ownDelivery": "ନିଜର ବିତରଣ",
        "thirdParty": "ତୃତୀୟ ବ୍ୟକ୍ତି",
        "processignTime": "ପ୍ରକ୍ରିୟାକରଣ ସମୟ",
        "Mins": "ମିନିଟ୍",
        "pickupSlots": "ପିକଅପ୍ ସ୍ଲଟ୍ |",
        "delete": "ବିଲୋପ କରନ୍ତୁ |",
        "save": "ସଞ୍ଚୟ କରନ୍ତୁ |",
        "deliverySlots": "ବିତରଣ ସ୍ଲଟ୍ |",
        "deliveryOptions": "ବିତରଣ ବିକଳ୍ପଗୁଡ଼ିକ",
        "distanceCovers": "ଦୂରତା କଭର",
        "Km": "କିଲୋମିଟର",
        "deliveryCharge": "ବିତରଣ ଚାର୍ଜ",
        "onOrdersMore": "ଅଧିକ ଅର୍ଡର ଉପରେ |",
        "than": "ଅପେକ୍ଷା",
        "enableFreeShipping": "ମାଗଣା ସିପିଂ ସକ୍ଷମ କରନ୍ତୁ |",
        "capacity": "କ୍ଷମତା",
        "deliveryPartner": "ବିତରଣ ସାଥୀ |",
        "finalThoughts": "ଅନ୍ତିମ ଚିନ୍ତାଧାରା",
        "enterMobile": "ମୋବାଇଲ୍ ନମ୍ବର ପ୍ରବେଶ କରନ୍ତୁ |",
        "numberFor": "ସଂଖ୍ୟା ପାଇଁ ସଂଖ୍ୟା",
        "otpVerification": "OTP ଯାଞ୍ଚ |",
        "terms&Conditions": "ସର୍ତ୍ତାବଳୀ ଏବଂ ସର୍ତ୍ତଗୁଡିକ",
        "andPrivacyPolicy": "ଏବଂ ଗୋପନୀୟତା ନୀତି |",
        "pleaseEnterThe": "ଦୟାକରି ପ୍ରବେଶ କରନ୍ତୁ |",
        "sentFor": "ପାଇଁ ପଠାଯାଇଛି",
        "theOtp": "OTP",
        "yourShop": "ତୁମ ଦୋକାନ",
        "workingHours": "କାର୍ଯ୍ୟ ସମୟ",
        "nameAsPer": "ଅନୁଯାୟୀ ନାମ",
        "PanCard": "ପାନ୍ କାର୍ଡ |",
        "re-enter": "ପୁନ enter- ପ୍ରବେଶ କର |",
        "accountNo.": "ଖାତା ନମ୍ବର",
        "areYouSure": "ତମେ ନିଶ୍ଚିତ କି।",
        "doYouWant": "ଆପଣଙ୍କୁ ଦରକାର କି",
        "toDelete?": "ବିଲୋପ କରିବାକୁ?",
        "youCannotDelete": "ଆପଣ ବିଲୋପ କରିପାରିବେ ନାହିଁ |",
        "activeUser!": "ସକ୍ରିୟ ଉପଭୋକ୍ତା!",
        "selectCategory": "ବର୍ଗ ଚୟନ କରନ୍ତୁ |",
        "toAddProduct": "ଉତ୍ପାଦ ଯୋଡିବାକୁ |",
        "mini.qty": "ମିନି Qty",
        "perOrder": "ପ୍ରତି କ୍ରମରେ",
        "yourUnsaved": "ତୁମର ବିବ୍ରତ",
        "detailsWill": "ବିବରଣୀ ହେବ",
        "beLost": "ହଜିଯାଅ",
        "saveChanges": "ପରିବର୍ତ୍ତନଗୁଡିକ ସଞ୍ଚୟ କରନ୍ତୁ |",
        "beforeClosing": "ବନ୍ଦ କରିବା ପୂର୍ବରୁ",
        "wouldYouLike": "ଆପଣ ପସନ୍ଦ କରିବେକି",
        "toMoveTo": "କୁ ଯିବା ପାଇଁ",
        "listedItem": "ତାଲିକାଭୁକ୍ତ ଆଇଟମ୍ |",
        "max.qty": "ସର୍ବାଧିକ Qty",
        "rambutanIs": "ରାମବାଟାନ୍ ହେଉଛି |",
        "movedTo": "କୁ ଘୁଞ୍ଚିଗଲା |",
        "BPLID": "BPL ID",
        "pickupAnd": "ପିକଅପ୍ ଏବଂ",
        "imSelling": "ମୁଁ ବିକ୍ରି କରୁଛି",
        "searchBy": "ଦ୍ୱାରା ଖୋଜ",
        "fruitsCategory": "ଫଳ ବର୍ଗ",
        "selectFruits": "ଫଳଗୁଡିକ ବାଛ",
        "drupeFruit": "ଡ୍ରୁପ୍ ଫଳ |",
        "pomeFruit": "ପେମ୍ ଫଳ",
        "saveContinue": "ସଞ୍ଚୟ କରନ୍ତୁ ଏବଂ ଜାରି ରଖନ୍ତୁ |",
        "miniQty": "Mini.qty",
        "maxQty": "ସର୍ବାଧିକ Qty",
        "miniPrice": "ମିନି ମୂଲ୍ୟ",
        "producAdded": "ଉତ୍ପାଦ ଯୋଡା ଯାଇଛି |",
        "successfullyYay": "ସଫଳତାର ସହିତ yay",
        "wouldYou": "ଆପଣ କଣ",
        "likeTo": "ପରି ପସନ୍ଦ",
        "moveTo": "ଯାଅନ୍ତୁ",
        "ListedItem": "ତାଲିକାଭୁକ୍ତ ଆଇଟମ୍ |",
        "areYouDelivering": "ଆପଣ ବିତରଣ କରୁଛନ୍ତି କି?",
        "procesingTime": "ପ୍ରକ୍ରିୟାକରଣ ସମୟ",
        "onOrder": "କ୍ରମରେ",
        "enableFree": "ମାଗଣା ସକ୍ଷମ କରନ୍ତୁ |",
        "shipping": "ପଠାଇବା",
        "availOur": "ଆମର ଲାଭ",
        "deliveryService": "ବିତରଣ ସେବା",
        "DelieveryPartner": "ବିତରଣ ସାଥୀ |",
        "ChooseYourLanguage": "ଆପଣଙ୍କର ଭାଷା ବାଛନ୍ତୁ |",
        "SearchLanguage": "ଭାଷା ଖୋଜ |",
        "EntermobilenumberforOTP verification": "OTP ଯାଞ୍ଚ ପାଇଁ ମୋବାଇଲ୍ ନମ୍ବର ପ୍ରବେଶ କରନ୍ତୁ |",
        "Pleaseentetheverificationcodesentfor": "ଦୟାକରି ପଠାଯାଇଥିବା ଯାଞ୍ଚ କୋଡ୍ ପ୍ରବେଶ କରନ୍ତୁ |",
        "Selectyourlanguagehere": "ଏଠାରେ ଆପଣଙ୍କର ଭାଷା ଚୟନ କରନ୍ତୁ |",
        "Addressdetail": "ଠିକଣା ବିବରଣୀ",
        "PanProof": "ପାନ୍ ପ୍ରମାଣ",
        "FixedRetailershop": "ସ୍ଥିର ଖୁଚୁରା ବ୍ୟବସାୟୀ ଦୋକାନ |",
        "MobileRetailershop": "ମୋବାଇଲ୍ ରିଟେଲର ଦୋକାନ |",
        "Iown": "ମୋର ମାଲିକାନା",
        "Membershipplan": "ସଦସ୍ୟତା ଯୋଜନା",
        "PerMonth": "ପ୍ରତି ମାସରେ",
        "Basic": "ମ basic ଳିକ",
        "Onlineshopspace": "ଅନଲାଇନ୍ ଦୋକାନ ସ୍ପେସ୍ |",
        "Sell/purchase": "ବିକ୍ରୟ / କ୍ରୟ",
        "Creditmanagement": "କ୍ରେଡିଟ୍ ପରିଚାଳନା",
        "Owndelivery": "ନିଜର ବିତରଣ",
        "Onlinepayment": "ଅନଲାଇନ୍ ଦେୟ",
        "Catalougepayment": "କ୍ୟାଣ୍ଟାଲ୍ ଦେୟ ଦେୟ |",
        "PerOrderManagement": "କ୍ରମ ପରିଚାଳନା ପାଇଁ |",
        "Managecustomers": "ଗ୍ରାହକମାନଙ୍କୁ ପରିଚାଳନା କରନ୍ତୁ |",
        "BuyNow": "ବର୍ତ୍ତମାନ କିଣ |",
        "Skip": "ଛାଡିଦିଅ |",
        "Close": "ବନ୍ଦ",
        "Open": "ଖୋଲ |",
        "ReferandEarn": "ରେଫର୍ ଏବଂ ରୋଜଗାର କର |",
        "Shoppicture": "ଦୋକାନ ଚିତ୍ର",
        "Edit": "ସଂପାଦନ କରନ୍ତୁ |",
        "Mywallet": "ମୋର ୱାଲେଟ୍",
        "MyRewards": "ମୋର ପୁରସ୍କାର",
        "Invitepeoplefromyournetworkandlearncashrewards": "ଆପଣଙ୍କ ନେଟୱାର୍କରୁ ଲୋକଙ୍କୁ ଆମନ୍ତ୍ରଣ କରନ୍ତୁ ଏବଂ ନଗଦ ପୁରସ୍କାର ଶିଖନ୍ତୁ |",
        "Getcashrewardsupto": "ନଗଦ ପୁରସ୍କାର ନିଅନ୍ତୁ |",
        "Invite": "ନିମନ୍ତ୍ରଣ",
        "ReferralStatus": "ରେଫରାଲ୍ ସ୍ଥିତି |",
        "TotalReferal": "ସମୁଦାୟ ରେଫରାଲ୍ |",
        "Acknowledge": "ସ୍ୱୀକାର କର |",
        "Signup": "ସାଇନ୍ ଅପ୍ କରନ୍ତୁ",
        "Order": "କ୍ରମ",
        "ProfileComplete": "ପ୍ରୋଫାଇଲ୍ ସଂପୂର୍ଣ୍ଣ",
        "Referred": "ରେଫର୍ ହୋଇଛି |",
        "invite": "ନିମନ୍ତ୍ରଣ",
        "Indiidual": "ସଂକୀଡିତ",
        "Deliveryvalet": "ବିତରଣ ଭାଲେଟ୍ |",
        "Wholeseller": "ସମଗ୍ର ବିଶ୍ୱକଳୟ",
        "Farmer": "କୃଷକ",
        "Trader/Broker": "ବ୍ୟବସାୟୀ / ଦଲାଲ୍ |",
        "Deliverypartner": "ବିତରଣ ସାଥୀ |",
        "InviteeMobileNumber": "ମୋବାଇଲ୍ ନମ୍ବରକୁ ନିମନ୍ତ୍ରଣ କରନ୍ତୁ |",
        "ReferralSMSsendsucessfully": "ରେଫରାଲ୍ SMS ସଫଳତାର ସହିତ ପଠାନ୍ତୁ |",
        "RequestingReferretoGiveaMissCallon": "ଏକ ମିସ୍ କଲ୍ ଦେବାକୁ ରେଫର୍ କରିବାକୁ ଅନୁରୋଧ |",
        "TotalRewardsEarn": "ସମୁଦାୟ ପୁରସ୍କାର ରୋଜଗାର କରେ |",
        "MyReferrals": "ମୋର ରେଫରାଲ୍ |",
        "IncreaseEarningBy": "ଦ୍ୱାରା ରୋଜଗାର",
        "IncreaseReferralEarningonEachsucessfuinvite": "ପ୍ରତ୍ୟେକ ସଫଳତା ନିମନ୍ତ୍ରଣ ଉପରେ ରେଫରାଲ୍ ରୋଜଗାର କରନ୍ତୁ |",
        "Youcanwin": "ତୁମେ ଜିତିବ |",
        "YouWon": "ତୁମେ ଜିତିଲ",
        "ByReferring": "ରେଫରିଂ କରି |",
        "Completed": "ସମାପ୍ତ",
        "Incompleted": "ଅସମ୍ପୂର୍ଣ୍ଣ",
        "Referralstatus": "ରେଫରାଲ୍ ସ୍ଥିତି |",
        "Orderd": "ଅର୍ଡର",
        "First order": "ପ୍ରଥମ କ୍ରମ",
        "ProfileCompleted": "ପ୍ରୋଫାଇଲ୍ ସମାପ୍ତ ହେଲା |",
        "Reminder": "ସ୍ମରଣ"
    }
}