{
    "System": {
        "item": "ਆਈਟਮ",
        "product": "ਉਤਪਾਦ",
        "price": "ਕੀਮਤ",
        "cost": "ਲਾਗਤ",
        "name": "ਨਾਮ",
        "fruis": "ਫਲ",
        "address": "ਪਤਾ",
        "error": "ਗਲਤੀ",
        "selectYourLanguage": "ਆਪਣੀ ਭਾਸ਼ਾ ਚੁਣੋ",
        "selectYourPreference": "ਆਪਣੀ ਪਸੰਦ ਦੀ ਚੋਣ ਕਰੋ",
        "vegetarian": "ਸ਼ਾਕਾਹਾਰੀ",
        "nonVegetarian": "ਗੈਰ-ਸ਼ਾਕਾਹਾਰੀ",
        "getStarted": "ਸ਼ੁਰੂ ਕਰੋ",
        "selectYourCity": "ਆਪਣਾ ਸ਼ਹਿਰ ਚੁਣੋ",
        "procced": "ਅੱਗੇ ਵਧੋ",
        "filters": "ਫਿਲਟਰ",
        "sortBy": "ਦੇ ਨਾਲ ਕ੍ਰਮਬੱਧ",
        "veg": "ਸ਼ਾਕਾਹਾਰੀ",
        "ratings4+": "ਰੇਟਿੰਗ 4+",
        "nearYou": "ਤੁਹਾਡੇ ਨੇੜੇ",
        "mobileNumber": "ਮੋਬਾਇਲ ਨੰਬਰ",
        "otp": "ਓਟੀਪੀ",
        "continue": "ਜਾਰੀ ਰੱਖੋ",
        "call": "ਕਾਲ ਕਰੋ",
        "sms": "ਐਸ ਐਮ ਐਸ",
        "whatsApp": "ਵਟਸਐਪ",
        "orderAgain": "ਦੁਬਾਰਾ ਆਰਡਰ",
        "currentLocation": "ਮੌਜੂਦਾ ਟਿਕਾਣਾ",
        "usingGps": "ਜੀਪੀਐਸ ਦੀ ਵਰਤੋਂ ਕਰਨਾ",
        "frequentlyUsed": "ਅਕਸਰ ਖਰੀਦਿਆ",
        "other": "ਹੋਰ",
        "work": "ਕੰਮ",
        "home": "ਘਰ",
        "recentSearch": "ਤਾਜ਼ਾ ਖੋਜ",
        "selectLocation": "ਟਿਕਾਣਾ ਚੁਣੋ",
        "change": "ਬਦਲੋ",
        "confirmLocation": "ਸਥਾਨ ਦੀ ਪੁਸ਼ਟੀ ਕਰੋ",
        "distanceLessThan": "ਤੋਂ ਘੱਟ ਦੂਰੀ",
        "km": "ਕਿਮੀ",
        "moreThan": "ਇਸ ਤੋਂ ਵੱਧ",
        "all": "ਸਾਰੇ",
        "delivery": "ਡਿਲਿਵਰੀ",
        "pickUp": "ਚੁੱਕਣਾ",
        "previousOrder": "ਪਿਛਲਾ ਆਰਡਰ",
        "recommended": "ਸਿਫਾਰਸ਼ ਕੀਤੀ",
        "aboutSeller": "ਵਿਕਰੇਤਾ ਬਾਰੇ",
        "sellingItems": "ਚੀਜ਼ਾਂ ਵੇਚਣਾ",
        "menu": "ਮੇਨੂ",
        "addToFavorites": "ਮਨਪਸੰਦ ਵਿੱਚ ਸ਼ਾਮਲ ਕਰੋ",
        "share": "ਸਾਂਝਾ ਕਰੋ",
        "shopInformation": "ਦੁਕਾਨ ਦੀ ਜਾਣਕਾਰੀ",
        "more": "ਹੋਰ",
        "fruits": "ਫਲ",
        "vegetables": "ਸਬਜ਼ੀਆਂ",
        "today": "ਅੱਜ",
        "tomorrow": "ਕੱਲ",
        "addQuantity": "ਮਾਤਰਾ ਸ਼ਾਮਲ ਕਰੋ",
        "pieces": "ਟੁਕੜੇ",
        "numberOfpieces": "ਟੁਕੜੇ ਦੀ ਗਿਣਤੀ",
        "amount": "ਦੀ ਰਕਮ",
        "viewCart": "ਕਾਰਟ ਵੇਖੋ",
        "orderSummary": "ਆਰਡਰ ਸੰਖੇਪ",
        "detailedBill": "ਵਿਸਤ੍ਰਿਤ ਬਿੱਲ",
        "cartTotal": "ਕਾਰਟ ਕੁੱਲ",
        "discount": "ਛੂਟ",
        "total": "ਕੁੱਲ",
        "selfPickup": "ਸਵੈ ਪਿਕਅਪ",
        "totalPayable": "ਕੁੱਲ ਭੁਗਤਾਨ ਯੋਗ",
        "payAtPickup": "ਪਿਕਅਪ ਵਿਖੇ ਭੁਗਤਾਨ ਕਰੋ",
        "savedDetails": "ਸੁਰੱਖਿਅਤ ਕੀਤੇ ਵੇਰਵੇ",
        "debitAtmCard": "ਡੈਬਿਟ / ਏਟੀਐਮ ਕਾਰਡ",
        "netBanking": "ਨੈੱਟ ਬੈਂਕਿੰਗ",
        "addDebitCreditCard": "ਡੈਬਿਟ / ਕ੍ਰੈਡਿਟ ਕਾਰਡ ਸ਼ਾਮਲ ਕਰੋ",
        "walletsUpi": "ਵਾਲਲੇਟਸ ਅਤੇ ਯੂਪੀਆਈ",
        "phonepe": "ਫੋਨਪ",
        "paytm": "ਪੇਟੀਐਮ",
        "otherUpi": "ਹੋਰ",
        "paySecurely": "ਸੁਰੱਖਿਅਤ ਭੁਗਤਾਨ ਕਰੋ",
        "deliverAt": "'ਤੇ ਸਪੁਰਦ ਕਰੋ",
        "noContact": "ਕੋਈ ਸੰਪਰਕ ਨਹੀਂ",
        "scheduledDelivery": "ਨਿਰਧਾਰਤ ਡਿਲਿਵਰੀ",
        "am": "ਸਵੇਰੇ",
        "pm": "ਪ੍ਰਧਾਨ ਮੰਤਰੀ",
        "hour": "ਘੰਟਾ",
        "freeDelivery": "ਮੁਫਤ ਡਿਲਿਵਰੀ",
        "enterCvv": "ਸੀਵੀਵੀ ਦਰਜ ਕਰੋ",
        "cardNumber": "ਕਾਰਡ ਨੰਬਰ",
        "expiry": "ਮਿਆਦ ਖਤਮ",
        "nameOnCard": "ਕਾਰਡ 'ਤੇ ਨਾਮ.",
        "saveCardDetails": "ਕਾਰਡ ਦੇ ਵੇਰਵੇ ਸੁਰੱਖਿਅਤ ਕਰੋ",
        "icici": "ਆਈਸੀਆਈਸੀਆਈ",
        "sbi": "ਐਸਬੀਆਈ",
        "hdfc": "ਐਚਡੀਐਫਸੀ",
        "moreBanks": "ਹੋਰ ਬੈਂਕਾਂ",
        "orderConfirmed": "ਆਰਡਰ ਦੀ ਪੁਸ਼ਟੀ ਕੀਤੀ ਗਈ",
        "orderNumber": "ਕ੍ਰਮ ਸੰਖਿਆ",
        "payment": "ਭੁਗਤਾਨ",
        "dateOfOrder": "ਆਰਡਰ ਦੀ ਮਿਤੀ",
        "help": "ਮਦਦ ਕਰੋ",
        "trackOrder": "ਟਰੈਕ ਆਰਡਰ",
        "activeOrder": "ਐਕਟਿਵ ਆਰਡਰ",
        "view": "ਵੇਖੋ",
        "chat": "ਗੱਲਬਾਤ",
        "orderDetails": "ਆਰਡਰ ਵੇਰਵੇ",
        "cancel": "ਰੱਦ ਕਰੋ",
        "support": "ਸਹਾਇਤਾ",
        "orderTotal": "ਆਰਡਰ ਕੁੱਲ",
        "orderPlaced": "ਆਰਡਰ ਰੱਖਿਆ",
        "orederAccepted": "ਆਰਡਰ ਸਵੀਕਾਰ",
        "processing": "ਕਾਰਵਾਈ",
        "ready": "ਤਿਆਰ",
        "dispatched": "ਭੇਜਿਆ",
        "contactSeller": "ਸੰਪਰਕ ਵੇਚਣ ਵਾਲੇ",
        "viewOrderSummary": "ਆਰਡਰ ਸੰਖੇਪ ਵੇਖੋ",
        "addInstructions": "ਨਿਰਦੇਸ਼ ਸ਼ਾਮਲ ਕਰੋ",
        "myAccount": "ਮੇਰਾ ਖਾਤਾ",
        "favorite": "ਪਸੰਦੀਦਾ",
        "settings": "ਸੈਟਿੰਗਜ਼",
        "myAddress": "ਮੇਰਾ ਪਤਾ",
        "myFamily": "ਮੇਰਾ ਪਰਿਵਾਰ",
        "refer": "ਵੇਖੋ",
        "individual": "ਵਿਅਕਤੀਗਤ",
        "busness": "ਕਾਰੋਬਾਰ",
        "postOrder": "ਪੋਸਟ ਆਰਡਰ",
        "logout": "ਲਾੱਗ ਆਊਟ, ਬਾਹਰ ਆਉਣਾ",
        "contactNumber": "ਸੰਪਰਕ ਨੰਬਰ",
        "relation": "ਸਬੰਧ",
        "getOtp": "ਓਟੀਪੀ ਪ੍ਰਾਪਤ ਕਰੋ",
        "enterOtp": "ਓਟੀਪੀ ਦਰਜ ਕਰੋ",
        "mail": "ਮੇਲ",
        "facebook": "ਫੇਸਬੁੱਕ",
        "email": "ਈ - ਮੇਲ",
        "contact": "ਸੰਪਰਕ",
        "update": "ਅਪਡੇਟ",
        "items": "ਇਕਾਈ",
        "shops": "ਦੁਕਾਨਾਂ",
        "allowLocation": "ਸਥਾਨ ਦੀ ਆਗਿਆ ਦਿਓ",
        "allowNotification": "ਨੋਟੀਫਿਕੇਸ਼ਨ ਦੀ ਆਗਿਆ ਦਿਓ",
        "homeWork": "ਘਰ ਦਾ ਕੰਮ",
        "addNewAddress": "ਨਵਾਂ ਪਤਾ ਸ਼ਾਮਲ ਕਰੋ",
        "landMark": "ਲੈਂਡ ਮਾਰਕ",
        "saveAndProceed": "ਸੇਵ ਅਤੇ ਅੱਗੇ ਵਧੋ",
        "termsAndConditions": "ਨਿਬੰਧਨ ਅਤੇ ਸ਼ਰਤਾਂ",
        "faqs": "ਅਕਸਰ ਪੁੱਛੇ ਜਾਂਦੇ ਸਵਾਲ",
        "privacyPolicy": "ਪਰਾਈਵੇਟ ਨੀਤੀ",
        "contactUs": "ਸਾਡੇ ਨਾਲ ਸੰਪਰਕ ਕਰੋ",
        "customerCare": "ਗ੍ਰਾਹਕ ਸੇਵਾ",
        "customerCareNumber": "ਗਾਹਕ ਕੇਅਰ ਨੰਬਰ",
        "yes": "ਹਾਂ",
        "no": "ਨਹੀਂ",
        "validateAgain": "ਦੁਬਾਰਾ ਪ੍ਰਮਾਣਿਤ ਕਰੋ",
        "employee": "ਕਰਮਚਾਰੀ",
        "onboard": "ਜਹਾਜ ਉੱਤੇ",
        "selfOnBoard": "ਸਵੈ ਬੋਰਡ",
        "onboardByBuisness": "ਕਾਰੋਬਾਰ ਦੁਆਰਾ ਜਹਾਜ਼",
        "retailer": "ਪ੍ਰਚੂਨ ਵਿਕਰੇਤਾ",
        "middleMan": "ਵਿਚੋਲੇ",
        "former": "ਕਿਸਾਨ",
        "phoneNumber": "ਫੋਨ ਨੰਬਰ",
        "houseNo": "ਘਰ ਨਹੀਂ",
        "building": "ਇਮਾਰਤ",
        "street": "ਗਲੀ",
        "landmark": "ਭੂਮੀਮਾਰਕ",
        "state": "ਰਾਜ",
        "city": "ਸ਼ਹਿਰ",
        "pincode": "ਪਿੰਨ ਕੋਡ",
        "location": "ਟਿਕਾਣਾ",
        "submit": "ਜਮ੍ਹਾਂ ਕਰੋ",
        "editAddress": "ਸੋਧ ਦਾ ਪਤਾ",
        "addMember": "ਸਦੱਸ ਸ਼ਾਮਲ ਕਰੋ",
        "deliveryWithin": "ਅੰਦਰ ਡਿਲਿਵਰੀ",
        "notification": "ਸੂਚਨਾ",
        "voice": "ਆਵਾਜ਼",
        "fruitsShop": "ਫਲ ਦੀ ਦੁਕਾਨ",
        "delivering": "ਪੇਸ਼ ਕਰਨਾ",
        "notDelivering": "ਪੇਸ਼ ਨਹੀਂ ਕਰ ਰਿਹਾ",
        "sellerProfile": "ਵਿਕਰੇਤਾ ਪ੍ਰੋਫਾਈਲ",
        "fabulous": "ਸ਼ਾਨਦਾਰ",
        "customerRated": "ਗਾਹਕ ਰੇਟ ਕੀਤਾ ਗਿਆ",
        "searchLocation": "ਖੋਜ ਸਥਾਨ",
        "shopByCategories": "ਵਰਗ ਦੁਆਰਾ ਖਰੀਦਦਾਰੀ ਕਰੋ",
        "next": "ਅਗਲਾ",
        "shopInfo": "ਦੁਕਾਨ ਦੀ ਜਾਣਕਾਰੀ",
        "vegatables": "ਵਾਜਬ",
        "localGarden": "ਸਥਾਨਕ ਬਾਗ",
        "confirm": "ਪੁਸ਼ਟੀ ਕਰੋ",
        "cancelOrder": "ਆਰਡਰ ਰੱਦ ਕਰੋ",
        "reffer": "ਵੇਖੋ",
        "business": "ਕਾਰੋਬਾਰ",
        "pastOrders": "ਪਿਛਲੇ ਆਰਡਰ",
        "viewMoreOrders": "ਹੋਰ ਆਰਡਰ ਵੇਖੋ",
        "logOut": "ਲਾੱਗ ਆਊਟ, ਬਾਹਰ ਆਉਣਾ",
        "add": "ਸ਼ਾਮਲ ਕਰੋ",
        "verify": "ਤਸਦੀਕ ਕਰੋ",
        "refferBy": "ਦੁਆਰਾ ਵੇਖੋ",
        "whatsapp": "ਵਟਸਐਪ",
        "message": "ਸੁਨੇਹਾ",
        "editProfile": "ਸੋਧ ਪ੍ਰੋਫ਼ਾਈਲ",
        "favoruites": "ਪੱਖਪਾਤ",
        "savedAddress": "ਸੰਗੀਚਿਤ ਪਤਾ",
        "privacyPolicies": "ਗੋਪਨੀਯਤਾ ਨੀਤੀਆਂ",
        "byClicking": "ਕਲਿਕ ਕਰਕੇ",
        "iAccept": "ਮੈਂ ਸਵੀਕਾਰ ਕਰਦਾ ਹਾਂ",
        "theTerms": "ਸ਼ਬਦ",
        "conditionsAnd": "ਹਾਲਾਤ ਅਤੇ",
        "priavacyPolicy": "ਪਰਾਈਵੇਟ ਨੀਤੀ.",
        "didn'tReceive": "ਪ੍ਰਾਪਤ ਨਹੀ ਕੀਤਾ",
        "verifyVia": "Via ਦੁਆਰਾ ਤਸਦੀਕ ਕਰੋ",
        "pickupWithin": "ਅੰਦਰ ਪਿਕਅਪ",
        "addDebit": "ਡੈਬਿਟ ਸ਼ਾਮਲ ਕਰੋ",
        "creditCard": "ਕਰੇਡਿਟ ਕਾਰਡ",
        "yourOrder": "ਤੁਹਾਡਾ ਆਰਡਰ",
        "willBe": "ਹੋ ਜਾਵੇਗਾ",
        "deliver": "ਸਪੁਰਦ ਕਰੋ",
        "pickupNoShow": "ਪਿਕਅਪ ਕੋਈ ਸ਼ੋਅ ਨਹੀਂ",
        "house": "ਘਰ",
        "flat": "ਫਲੈਟ",
        "block": "ਬਲਾਕ",
        "blockNumber": "ਬਲਾਕ ਨੰਬਰ",
        "appartment": "ਅਪਾਰਟਮੈਂਟ",
        "road": "ਸੜਕ",
        "area": "ਖੇਤਰ",
        "saveThis": "ਇਸ ਨੂੰ ਬਚਾਓ",
        "addressAs": "ਐਡਰੈੱਸ ਦੇ ਤੌਰ ਤੇ",
        "areYou": "ਕੀ ਤੁਸੀਂ",
        "sureYou": "ਤੁਹਾਨੂ",
        "wantTo": "ਕਰਨਾ ਚਾਹੁੰਦੇ ਹੋ",
        "smsSent": "ਐਸਐਮਐਸ ਭੇਜਿਆ ਗਿਆ",
        "successfullty": "ਸਫਲਤਾਪੂਰਵਕ",
        "anOtp": "ਇੱਕ ਓਟੀਪੀ",
        "hasBeen": "ਕੀਤਾ ਗਿਆ ਹੈ",
        "sentAt": "ਤੇ ਭੇਜਿਆ",
        "yourRegistered": "ਤੁਹਾਡੀ ਰਜਿਸਟਰਡ",
        "otpRetry": "ਓਟੀਪੀ ਦੁਬਾਰਾ ਕੋਸ਼ਿਸ਼ ਕਰੋ",
        "in00.30Secs": "00.30 ਸਕਿੰਟ ਵਿੱਚ",
        "": "#VALUE!",
        "welcome": "ਜੀ ਆਇਆਂ ਨੂੰ",
        "toSarvmai": "ਸਾਰਵਮ.ਆਈ",
        "enterMobileNumber": "ਮੋਬਾਈਲ ਨੰਬਰ ਦਰਜ ਕਰੋ",
        "verificationCode": "ਪੜਤਾਲ ਕੋਡ",
        "resendOtp": "ਓਟੀਪੀ ਦੁਬਾਰਾ ਭੇਜੋ",
        "shopAddress": "ਦੁਕਾਨ ਦਾ ਪਤਾ",
        "searchYourAddress": "ਆਪਣਾ ਪਤਾ ਖੋਜੋ",
        "enterDetails": "ਵੇਰਵੇ ਦਰਜ ਕਰੋ",
        "businessName": "ਵਪਾਰ ਨਾਮ",
        "shopNo": "ਦੁਕਾਨ ਨੰਬਰ",
        "building/Locality": "ਇਮਾਰਤ / ਸਥਾਨ",
        "saveAndContinue": "ਸੇਵ ਅਤੇ ਜਾਰੀ ਰੱਖੋ",
        "specifyWorkingTime": "ਕੰਮ ਕਰਨ ਦਾ ਸਮਾਂ ਨਿਰਧਾਰਤ ਕਰੋ",
        "sameForEveryDay": "ਹਰ ਦਿਨ ਲਈ ਇਕੋ ਜਿਹਾ",
        "skip": "ਛੱਡੋ",
        "save&Continue": "ਸੇਵ ਅਤੇ ਜਾਰੀ ਰੱਖੋ",
        "startTime": "ਸ਼ੁਰੂ ਕਰਨ ਦਾ ਸਮਾਂ",
        "endTime": "ਅੰਤ ਦਾ ਸਮਾਂ",
        "done": "ਕੀਤਾ",
        "Kyc": "Kyc",
        "father'sName": "ਪਿਤਾ ਦਾ ਨਾਮ",
        "dob": "ਡੀਓਬੀ",
        "uploadProofIdentity": "ਪਰੂਫ ਪਛਾਣ ਅਪਲੋਡ ਕਰੋ",
        "adharCard": "ਹਹਾਰ ਕਾਰਡ",
        "idCardNo.": "ਆਈਡੀ ਕਾਰਡ ਨੰਬਰ",
        "uploadPanCard": "ਪੈਨ ਕਾਰਡ ਅਪਲੋਡ ਕਰੋ",
        "panCardNo": "ਪੈਨ ਕਾਰਡ ਨੰਬਰ",
        "uploadFileForm": "ਤੋਂ ਫਾਈਲ ਅਪਲੋਡ ਕਰੋ",
        "bankDetails": "ਬੈਂਕ ਵੇਰਵੇ",
        "BeneficiaryName": "ਲਾਭਪਾਤਰੀ ਦਾ ਨਾਮ",
        "bankName": "ਬੈਂਕ ਦਾ ਨਾਮ",
        "accountNo": "ਖਾਤਾ ਨੰਬਰ",
        "ifsc": "Ifsc",
        "uploadPassbookPhoto": "ਪਾਸਵਰਡ ਕਿਤਾਬ ਅਪਲੋਡ ਕਰੋ",
        "pendingOrders": "ਲੰਬਿਤ ਆਦੇਸ਼",
        "details": "ਵੇਰਵਾ",
        "inventory": "ਵਸਤੂ ਸੂਚੀ",
        "management": "ਪ੍ਰਬੰਧਨ",
        "order": "ਆਰਡਰ",
        "expenses": "ਖਰਚੇ",
        "crm": "ਸੀਆਰਐਮ",
        "customer": "ਗਾਹਕ",
        "service": "ਸੇਵਾ",
        "b2bBuy": "ਬੀ 2 ਬੀ ਖਰੀਦੋ",
        "promote": "ਨੂੰ ਉਤਸ਼ਾਹਿਤ",
        "user": "ਉਪਭੋਗਤਾ",
        "P&L": "ਪੀ ਐਂਡ ਐਲ",
        "subscription": "ਗਾਹਕੀ",
        "catalog": "ਕੈਟਾਲਾਗ",
        "usermanagement": "ਉਪਭੋਗਤਾ ਪ੍ਰਬੰਧਨ",
        "search": "ਖੋਜ",
        "addUser": "ਉਪਭੋਗਤਾ ਸ਼ਾਮਲ ਕਰੋ",
        "reset": "ਰੀਸੈੱਟ",
        "personal": "ਨਿੱਜੀ",
        "identity": "ਪਛਾਣ",
        "emergencyContact": "ਐਮਰਜੈਂਸੀ ਸੰਪਰਕ",
        "employeeId": "ਕਰਮਚਾਰੀ ID",
        "fullName": "ਪੂਰਾ ਨਾਂਮ",
        "assignRoles": "ਭੂਮਿਕਾਵਾਂ ਨਿਰਧਾਰਤ ਕਰੋ",
        "emailAddress*": "ਈ - ਮੇਲ",
        "mobileNumber*": "ਮੋਬਾਇਲ ਨੰਬਰ *",
        "education": "ਸਿੱਖਿਆ",
        "AddressLine": "ਐਡਰੈੱਸ ਲਾਈਨ",
        "userManagement": "ਉਪਭੋਗਤਾ ਪ੍ਰਬੰਧਨ",
        "roles": "ਭੂਮਿਕਾਵਾਂ",
        "dateOfJoining*": "ਸ਼ਾਮਲ ਹੋਣ ਦੀ ਮਿਤੀ *",
        "uploadAdhaarCard": "ਹਿਰਾਰ ਕਾਰਡ ਅਪਲੋਡ ਕਰੋ",
        "clear": "ਸਾਫ",
        "profilePhoto": "ਪ੍ਰੋਫਾਈਲ ਫੋਟੋ",
        "basicSalaryPerMonth": "ਪ੍ਰਤੀ ਮਹੀਨਾ ਮੁ basic ਲੀ ਤਨਖਾਹ",
        "previous": "ਪਿਛਲਾ",
        "EmergencyContactNumber*": "ਐਮਰਜੈਂਸੀ ਸੰਪਰਕ ਨੰਬਰ *",
        "contactName*": "ਸੰਪਰਕ ਨਾਮ *",
        "relationship": "ਰਿਸ਼ਤਾ",
        "userCreatedSuccessfully": "ਉਪਭੋਗਤਾ ਨੇ ਸਫਲਤਾਪੂਰਵਕ ਬਣਾਇਆ",
        "yay!": "ਯੇ!",
        "doj": "ਸ਼ਾਮਲ ਹੋਣ ਦੀ ਮਿਤੀ",
        "inventoryManager,..": "ਵਸਤੂ ਮੈਨੇਜਰ, ...",
        "empId": "ਏ ਡੀ ਆਈ ਡੀ",
        "activate": "ਸਰਗਰਮ",
        "deactivate": "ਅਯੋਗ",
        "phone": "ਫੋਨ",
        "deletedSuccessfully!": "ਸਫਲਤਾਪੂਰਕ ਮਿਟਾਏ ਗਏ!",
        "voterId": "ਵੋਟਰ ਆਈਡੀ",
        "drivingLicense": "ਡ੍ਰਾਇਵਿੰਗ ਲਾਇਸੇੰਸ",
        "updateChanges": "ਅਪਡੇਟ ਬਦਲਾਅ",
        "deactiveToDelete": "ਮਿਟਾਉਣ ਲਈ ਅਯੋਗ",
        "groceries": "ਕਰਿਆਨੇ",
        "fishes": "ਮੱਛੀਆਂ",
        "meat": "ਮੀਟ",
        "dairy": "ਡੇਅਰੀ",
        "tropicalFruits": "ਖੰਡੀ ਫਲ",
        "drupe": "ਡਰਾਉਣਾ",
        "pome": "Pome",
        "berry": "ਬੇਰੀ",
        "others": "ਹੋਰ",
        "bakery": "ਬੇਕਰੀ",
        "flowers": "ਫੁੱਲ",
        "nuts": "ਗਿਰੀਦਾਰ",
        "legume": "ਸਬਜ਼ੀਆਂ",
        "capsules": "ਕੈਪਸੂਲ",
        "updateExisting": "ਮੌਜੂਦਾ ਨੂੰ ਅਪਡੇਟ ਕਰੋ",
        "showAll": "ਸਾਰੇ ਦਿਖਾਓ",
        "to": "ਨੂੰ",
        "tropical": "ਖੰਡੀ",
        "dragonFruit": "ਡਰੈਗਨ ਫਲ",
        "select": "ਚੁਣੋ",
        "fruit": "ਫਲ",
        "passionFruit": "ਜਨੂੰਨ ਫਲ",
        "rambutan": "ਰਾਮਬਟਨ",
        "acail": "ਅਚਾਈ",
        "jackFruit": "ਜੈਕ ਫਲ",
        "mangosteen": "ਮੰਗੋਸਟੀਨ",
        "lychee": "ਲੀਚੀ",
        "productDetails": "ਉਤਪਾਦ ਦੇ ਵੇਰਵੇ",
        "general": "ਜਨਰਲ",
        "sellingOption": "ਵੇਚਣ ਦੀ ਚੋਣ",
        "returnOption": "ਵਾਪਸੀ ਦੀ ਚੋਣ",
        "soldBy": "ਦੁਆਰਾ ਵੇਚਿਆ",
        "kilogram": "ਕਿਲੋਗ੍ਰਾਮ",
        "liter": "ਲੀਟਰ",
        "placeOfOrigin": "ਮੂਲ ਦਾ ਸਥਾਨ",
        "AboutProduct": "ਉਤਪਾਦ ਬਾਰੇ",
        "grading": "ਗਰੇਡਿੰਗ",
        "quantity": "ਮਾਤਰਾ",
        "returnWithin": "ਅੰਦਰ ਵਾਪਸ ਜਾਓ",
        "noReturn": "ਕੋਈ ਵਾਪਸੀ ਨਹੀਂ",
        "sameDay": "ਉਸੇ ਦਿਨ",
        "nextDay": "ਅਗਲੇ ਦਿਨ",
        "costPrice": "ਲਾਗਤ ਕੀਮਤ",
        "Hrs": "ਘੰਟਾ",
        "sku": "Sku",
        "maxQtyPerOrder": "ਅਧਿਕਤਮ ਕਿ quy% ਪ੍ਰਤੀ ਆਰਡਰ",
        "stockStatus": "ਸਟਾਕ ਸਥਿਤੀ",
        "regularPrice": "ਨਿਯਮਤ ਕੀਮਤ",
        "inStock": "ਭੰਡਾਰ ਵਿੱਚ",
        "outOfStock": "ਖਤਮ ਹੈ",
        "discountPrice": "ਛੂਟ ਕੀਮਤ",
        "days": "ਦਿਨ",
        "hours": "ਘੰਟੇ",
        "saveProduct": "ਉਤਪਾਦ ਸੇਵ ਕਰੋ",
        "productAddedSuccessfully": "ਉਤਪਾਦ ਨੂੰ ਸਫਲਤਾਪੂਰਵਕ ਸ਼ਾਮਲ ਕੀਤਾ ਗਿਆ",
        "addPhoto": "ਫੋਟੋ ਸ਼ਾਮਲ ਕਰੋ",
        "productListedSuccessfully": "ਉਤਪਾਦ ਸਫਲਤਾਪੂਰਕ ਸੂਚੀਬੱਧ",
        "pendingDetails": "ਬਕਾਇਆ ਵੇਰਵਾ",
        "listed": "ਸੂਚੀਬੱਧ",
        "unlisted": "ਸੂਚੀਬੱਧ",
        "tropicalFruit(7)": "ਖੰਡੀ ਫਲ (7)",
        "viewALl": "ਸਭ ਵੇਖੋ",
        "addDetail": "ਵੇਰਵਾ ਸ਼ਾਮਲ ਕਰੋ",
        "unlist": "ਅਨਲਿਸਟ ਕਰੋ",
        "drupeFruit(10)": "ਡ੍ਰੂਪ ਫਲ (10)",
        "aboutProduct": "ਉਤਪਾਦ ਬਾਰੇ",
        "costprice": "ਲਾਗਤ ਕੀਮਤ",
        "mini.PricePerOrder": "ਮਿਨੀ. ਕੀਮਤ",
        "customerPickup": "ਗਾਹਕ ਪਿਕਅਪ",
        "ownDelivery": "ਆਪਣੀ ਸਪੁਰਦਗੀ",
        "thirdParty": "ਤੀਸਰਾ ਪੱਖ",
        "processignTime": "ਪ੍ਰਕਿਰਿਆ ਦਾ ਸਮਾਂ",
        "Mins": "ਮਿੰਟ",
        "pickupSlots": "ਪਿਕਅਪ ਸਲੋਟ",
        "delete": "ਮਿਟਾਓ",
        "save": "ਸੇਵ",
        "deliverySlots": "ਡਿਲਿਵਰੀ ਸਲਾਟ",
        "deliveryOptions": "ਡਿਲਿਵਰੀ ਵਿਕਲਪ",
        "distanceCovers": "ਦੂਰੀ ਕਵਰ",
        "Km": "ਕਿਮੀ",
        "deliveryCharge": "ਡਿਲਿਵਰੀ ਚਾਰਜ",
        "onOrdersMore": "ਆਰਡਰ ਹੋਰ 'ਤੇ",
        "than": "ਨਾਲੋਂ",
        "enableFreeShipping": "ਮੁਫਤ ਸ਼ਿਪਿੰਗ ਨੂੰ ਸਮਰੱਥ ਕਰੋ",
        "capacity": "ਸਮਰੱਥਾ",
        "deliveryPartner": "ਸਪੁਰਦਗੀ ਸਾਥੀ",
        "finalThoughts": "ਅੰਤਮ ਵਿਚਾਰ",
        "enterMobile": "ਮੋਬਾਈਲ ਨੰਬਰ ਦਰਜ ਕਰੋ",
        "numberFor": "ਲਈ ਨੰਬਰ",
        "otpVerification": "ਓਟੀਪੀ ਤਸਦੀਕ",
        "terms&Conditions": "ਨਿਯਮ ਅਤੇ ਸ਼ਰਤਾਂ",
        "andPrivacyPolicy": "ਅਤੇ ਗੋਪਨੀਯਤਾ ਨੀਤੀ",
        "pleaseEnterThe": "ਕਿਰਪਾ ਕਰਕੇ ਦਾਖਲ ਕਰੋ",
        "sentFor": "ਲਈ ਭੇਜਿਆ",
        "theOtp": "ਓਟੀਪੀ",
        "yourShop": "ਤੁਹਾਡੀ ਦੁਕਾਨ",
        "workingHours": "ਕੰਮ ਦੇ ਘੰਟੇ",
        "nameAsPer": "ਦੇ ਅਨੁਸਾਰ ਨਾਮ",
        "PanCard": "ਪੈਨ ਕਾਰਡ",
        "re-enter": "ਦੁਬਾਰਾ ਦਾਖਲ ਕਰੋ",
        "accountNo.": "ਖਾਤਾ ਨੰਬਰ",
        "areYouSure": "ਤੁਹਾਨੂੰ ਪੂਰਾ ਵਿਸ਼ਵਾਸ ਹੈ.",
        "doYouWant": "ਤੁਹਾਨੂੰ ਚਾਹੁੰਦਾ ਹੈ",
        "toDelete?": "ਨੂੰ ਹਟਾਉਣ ਲਈ?",
        "youCannotDelete": "ਤੁਸੀਂ ਮਿਟਾ ਨਹੀਂ ਸਕਦੇ",
        "activeUser!": "ਕਿਰਿਆਸ਼ੀਲ ਉਪਭੋਗਤਾ!",
        "selectCategory": "ਸ਼੍ਰੇਣੀ ਚੁਣੋ",
        "toAddProduct": "ਉਤਪਾਦ ਸ਼ਾਮਲ ਕਰਨ ਲਈ",
        "mini.qty": "ਮਿਨੀ. Qty",
        "perOrder": "ਪ੍ਰਤੀ ਆਰਡਰ",
        "yourUnsaved": "ਤੁਹਾਡੀ ਅਸੁਰੱਖਿਅਤ",
        "detailsWill": "ਵੇਰਵਾ ਕਰੇਗਾ",
        "beLost": "ਗੁੰਮ ਜਾਓ.",
        "saveChanges": "ਕੀਤੇ ਗਏ ਬਦਲਾਅ ਸੁਰੱਖਿਅਤ ਕਰੋ",
        "beforeClosing": "ਬੰਦ ਕਰਨ ਤੋਂ ਪਹਿਲਾਂ",
        "wouldYouLike": "ਕੀ ਤੁਸੀਂ ਪਸੰਦ ਕਰੋਗੇ",
        "toMoveTo": "ਕਰਨ ਲਈ",
        "listedItem": "ਸੂਚੀਬੱਧ ਆਈਟਮ",
        "max.qty": "ਅਧਿਕਤਮ Qty",
        "rambutanIs": "ਰਾਮਟਾਨ ਹੈ",
        "movedTo": "ਚਲੇ ਗਏ",
        "BPLID": "ਬੀਪੀਐਲ ਆਈਡੀ",
        "pickupAnd": "ਪਿਕਅਪ ਅਤੇ",
        "imSelling": "ਮੈਂ ਵੇਚ ਰਿਹਾ ਹਾਂ",
        "searchBy": "ਦੁਆਰਾ ਖੋਜ",
        "fruitsCategory": "ਫਲ ਸ਼੍ਰੇਣੀ",
        "selectFruits": "ਫਲ ਦੀ ਚੋਣ ਕਰੋ",
        "drupeFruit": "ਡਰਾਪ ਫਲ",
        "pomeFruit": "Pome ਫਲ",
        "saveContinue": "ਸੇਵ ਅਤੇ ਜਾਰੀ ਰੱਖੋ",
        "miniQty": "Mini.qty",
        "maxQty": "ਮੈਕਸ ਕਿਟੀ",
        "miniPrice": "ਮਿਨੀ ਕੀਮਤ",
        "producAdded": "ਉਤਪਾਦ ਜੋੜਿਆ",
        "successfullyYay": "ਸਫਲਤਾਪੂਰਵਕ ਹਾਂ",
        "wouldYou": "ਕੀ ਤੁਸੀਂ",
        "likeTo": "ਪਸੰਦ ਹੈ",
        "moveTo": "ਨੂੰ ਭੇਜੋ",
        "ListedItem": "ਸੂਚੀਬੱਧ ਆਈਟਮ",
        "areYouDelivering": "ਕੀ ਤੁਸੀਂ ਸਪੁਰਦ ਕਰ ਰਹੇ ਹੋ?",
        "procesingTime": "ਪ੍ਰਕਿਰਿਆ ਦਾ ਸਮਾਂ",
        "onOrder": "ਕ੍ਰਮ 'ਤੇ",
        "enableFree": "ਮੁਫਤ ਸਮਰੱਥ ਕਰੋ",
        "shipping": "ਸ਼ਿਪਿੰਗ",
        "availOur": "ਸਾਡੇ ਲਈ ਲਾਭ",
        "deliveryService": "ਡਿਲਿਵਰੀ ਸੇਵਾ",
        "DelieveryPartner": "ਸਪੁਰਦਗੀ ਸਾਥੀ",
        "ChooseYourLanguage": "ਆਪਣੀ ਭਾਸ਼ਾ ਚੁਣੋ",
        "SearchLanguage": "ਖੋਜ ਭਾਸ਼ਾ",
        "EntermobilenumberforOTP verification": "ਓਟੀਪੀ ਤਸਦੀਕ ਲਈ ਮੋਬਾਈਲ ਨੰਬਰ ਦਰਜ ਕਰੋ",
        "Pleaseentetheverificationcodesentfor": "ਕਿਰਪਾ ਕਰਕੇ ਇਸ ਲਈ ਭੇਜਿਆ ਤਸਦੀਕ ਕੋਡ ਦਾਖਲ ਕਰੋ",
        "Selectyourlanguagehere": "ਆਪਣੀ ਭਾਸ਼ਾ ਇੱਥੇ ਚੁਣੋ",
        "Addressdetail": "ਪਤਾ ਵੇਰਵਾ",
        "PanProof": "ਪੈਨ ਸਬੂਤ",
        "FixedRetailershop": "ਫਿਕਸਡ ਰਿਟੇਲਰ ਦੁਕਾਨ",
        "MobileRetailershop": "ਮੋਬਾਈਲ ਰਿਟੇਲਰ ਦੁਕਾਨ",
        "Iown": "ਮੇਰੇ ਕੋਲ ਹੈ",
        "Membershipplan": "ਸਦੱਸਤਾ ਯੋਜਨਾ",
        "PerMonth": "ਪ੍ਰਤੀ ਮਹੀਨਾ",
        "Basic": "ਮੁੱ The ਲੀ",
        "Onlineshopspace": "Shop ਨਲਾਈਨ ਦੁਕਾਨ ਦੀ ਜਗ੍ਹਾ",
        "Sell/purchase": "ਵੇਚੋ / ਖਰੀਦੋ",
        "Creditmanagement": "ਕ੍ਰੈਡਿਟ ਮੈਨੇਜਮੈਂਟ",
        "Owndelivery": "ਆਪਣੀ ਸਪੁਰਦਗੀ",
        "Onlinepayment": "Payment ਨਲਾਈਨ ਭੁਗਤਾਨ",
        "Catalougepayment": "ਕੈਟਾਲਜ ਭੁਗਤਾਨ",
        "PerOrderManagement": "ਪ੍ਰਤੀ ਆਰਡਰ ਪ੍ਰਬੰਧਨ",
        "Managecustomers": "ਗਾਹਕਾਂ ਦਾ ਪ੍ਰਬੰਧਨ ਕਰੋ",
        "BuyNow": "ਹੁਣੇ ਖਰੀਦੋ",
        "Skip": "ਛੱਡੋ",
        "Close": "ਨੇੜੇ",
        "Open": "ਖੁੱਲਾ",
        "ReferandEarn": "ਵੇਖੋ ਅਤੇ ਕਮਾਓ",
        "Shoppicture": "ਦੁਕਾਨ ਤਸਵੀਰ",
        "Edit": "ਸੋਧ",
        "Mywallet": "ਮੇਰਾ ਬਟੂਆ",
        "MyRewards": "ਮੇਰੇ ਇਨਾਮ",
        "Invitepeoplefromyournetworkandlearncashrewards": "ਲੋਕਾਂ ਨੂੰ ਆਪਣੇ ਨੈਟਵਰਕ ਤੋਂ ਸੱਦਾ ਦਿਓ ਅਤੇ ਨਕਦ ਇਨਾਮ ਸਿੱਖੋ",
        "Getcashrewardsupto": "ਨਕਦ ਇਨਾਮ ਪ੍ਰਾਪਤ ਕਰੋ",
        "Invite": "ਸੱਦਾ",
        "ReferralStatus": "ਰੈਫਰਲ ਸਥਿਤੀ",
        "TotalReferal": "ਕੁੱਲ ਰੈਫਰਲ",
        "Acknowledge": "ਸਵੀਕਾਰ ਕਰੋ",
        "Signup": "ਸਾਇਨ ਅਪ",
        "Order": "ਆਰਡਰ",
        "ProfileComplete": "ਪ੍ਰੋਫਾਈਲ ਪੂਰਾ",
        "Referred": "ਜ਼ਿਕਰ",
        "invite": "ਸੱਦਾ",
        "Indiidual": "ਸ਼ਾਮਲ",
        "Deliveryvalet": "ਡਿਲਿਵਰੀ ਵੈਲਿਟ",
        "Wholeseller": "ਪੂਰਾ ਕਰਨ ਵਾਲਾ",
        "Farmer": "ਕਿਸਾਨ",
        "Trader/Broker": "ਵਪਾਰੀ / ਬ੍ਰੋਕਰ",
        "Deliverypartner": "ਸਪੁਰਦਗੀ ਸਾਥੀ",
        "InviteeMobileNumber": "ਮੋਬਾਈਲ ਨੰਬਰ ਨੂੰ ਸੱਦਾ ਦਿਓ",
        "ReferralSMSsendsucessfully": "ਰੈਫਰਲ ਐਸਐਮਐਸ ਸਫਲਤਾਪੂਰਵਕ ਭੇਜਦਾ ਹੈ",
        "RequestingReferretoGiveaMissCallon": "ਮਿਸਟਰ ਨੂੰ ਮਿਸ ਕਰਨ ਲਈ ਬੇਨਤੀ ਕਰਨ ਲਈ",
        "TotalRewardsEarn": "ਕੁੱਲ ਇਨਾਮ ਕਮਾਉਂਦੇ ਹਨ",
        "MyReferrals": "ਮੇਰੇ ਹਵਾਲੇ",
        "IncreaseEarningBy": "ਦੁਆਰਾ ਕਮਾਈ ਵਧਦੀ ਹੈ",
        "IncreaseReferralEarningonEachsucessfuinvite": "ਹਰੇਕ ਕੱਟਣ ਵਾਲੇ ਸੱਦੇ 'ਤੇ ਰੈਫਰਲ ਕਮਾਈ ਵਧਾਓ",
        "Youcanwin": "ਤੁਸੀਂ ਜਿੱਤ ਸਕਦੇ ਹੋ",
        "YouWon": "ਤੁਸੀ ਜਿੱਤੇ",
        "ByReferring": "ਹਵਾਲਾ ਦੇ ਕੇ",
        "Completed": "ਪੂਰਾ",
        "Incompleted": "ਅਧੂਰਾ",
        "Referralstatus": "ਰੈਫਰਲ ਸਥਿਤੀ",
        "Orderd": "ਆਰਡੀਟਰਡ",
        "First order": "ਪਹਿਲਾ ਆਰਡਰ",
        "ProfileCompleted": "ਪ੍ਰੋਫਾਈਲ ਪੂਰਾ ਹੋਇਆ",
        "Reminder": "ਯਾਦ"
    }
}