{
    "System": {
        "item": "உருப்படி",
        "product": "தயாரிப்பு",
        "price": "விலை",
        "cost": "செலவு",
        "name": "பெயர்",
        "fruis": "பழங்கள்",
        "address": "முகவரி",
        "error": "பிழை",
        "selectYourLanguage": "உங்கள் மொழியைத் தேர்ந்தெடுக்கவும்",
        "selectYourPreference": "உங்கள் விருப்பத்தைத் தேர்ந்தெடுக்கவும்",
        "vegetarian": "சைவம்",
        "nonVegetarian": "அசைவம்",
        "getStarted": "தொடங்கவும்",
        "selectYourCity": "உங்கள் நகரத்தைத் தேர்ந்தெடுக்கவும்",
        "procced": "தொடரவும்",
        "filters": "வடிப்பான்கள்",
        "sortBy": "வரிசைப்படுத்தவும்",
        "veg": "சைவம்",
        "ratings4+": "மதிப்பீடுகள் 4+",
        "nearYou": "உன் அருகே",
        "mobileNumber": "கைபேசி எண்",
        "otp": "OTP",
        "continue": "தொடரவும்",
        "call": "அழைப்பு",
        "sms": "எஸ்.எம்.எஸ்",
        "whatsApp": "பகிரி",
        "orderAgain": "மீண்டும் ஆர்டர் செய்யுங்கள்",
        "currentLocation": "தற்போதைய இடம்",
        "usingGps": "ஜி.பி.எஸ் பயன்படுத்துதல்",
        "frequentlyUsed": "அடிக்கடி வாங்கப்பட்டது",
        "other": "மற்றொன்று",
        "work": "வேலை",
        "home": "வீடு",
        "recentSearch": "சமீபத்திய தேடல்",
        "selectLocation": "இருப்பிடத்தைத் தேர்ந்தெடுக்கவும்",
        "change": "மாற்றம்",
        "confirmLocation": "இருப்பிடத்தை உறுதிப்படுத்தவும்",
        "distanceLessThan": "விட குறைவான தூரம்",
        "km": "கி.மீ.",
        "moreThan": "விட",
        "all": "எல்லாம்",
        "delivery": "டெலிவரி",
        "pickUp": "இடும்",
        "previousOrder": "முந்தைய ஆர்டர்",
        "recommended": "பரிந்துரைக்கப்படுகிறது",
        "aboutSeller": "விற்பனையாளர் பற்றி",
        "sellingItems": "பொருட்களை விற்பனை செய்தல்",
        "menu": "பட்டியல்",
        "addToFavorites": "விருப்ப பட்டியலில் சேர்",
        "share": "பகிர்",
        "shopInformation": "கடை தகவல்",
        "more": "மேலும்",
        "fruits": "பழங்கள்",
        "vegetables": "காய்கறிகள்",
        "today": "இன்று",
        "tomorrow": "நாளை",
        "addQuantity": "அளவு சேர்க்கவும்",
        "pieces": "துண்டுகள்",
        "numberOfpieces": "துண்டுகளின் எண்ணிக்கை",
        "amount": "தொகை",
        "viewCart": "வண்டியைக் காண்க",
        "orderSummary": "ஒழுங்கு சுருக்கம்",
        "detailedBill": "விரிவான மசோதா",
        "cartTotal": "வண்டி மொத்தம்",
        "discount": "தள்ளுபடி",
        "total": "மொத்தம்",
        "selfPickup": "சுய இடும்",
        "totalPayable": "மொத்தம் செலுத்த வேண்டும்",
        "payAtPickup": "இடும் இடத்தில் செலுத்துங்கள்",
        "savedDetails": "சேமித்த விவரங்கள்",
        "debitAtmCard": "டெபிட்/ஏடிஎம் அட்டை",
        "netBanking": "நிகர வங்கி",
        "addDebitCreditCard": "டெபிட்/கிரெடிட் கார்டைச் சேர்க்கவும்",
        "walletsUpi": "பணப்பைகள் & யுபிஐ",
        "phonepe": "ஃபோன்ப்",
        "paytm": "Paytm",
        "otherUpi": "மற்றொன்று",
        "paySecurely": "பாதுகாப்பாக செலுத்துங்கள்",
        "deliverAt": "வழங்கவும்",
        "noContact": "தொடர்பு இல்லை",
        "scheduledDelivery": "திட்டமிடப்பட்ட டெலிவரி",
        "am": "நான்",
        "pm": "மாலை",
        "hour": "மணி",
        "freeDelivery": "இலவச விநியோகம்",
        "enterCvv": "சி.வி.வி.",
        "cardNumber": "அட்டை எண்",
        "expiry": "காலாவதியாகும்",
        "nameOnCard": "அட்டையிலுள்ள பெயர்.",
        "saveCardDetails": "அட்டை விவரங்களைச் சேமிக்கவும்",
        "icici": "ICICI",
        "sbi": "எஸ்பிஐ",
        "hdfc": "HDFC",
        "moreBanks": "மேலும் வங்கிகள்",
        "orderConfirmed": "ஆர்டர் உறுதிப்படுத்தப்பட்டது",
        "orderNumber": "ஆர்டர் எண்",
        "payment": "கட்டணம்",
        "dateOfOrder": "ஆர்டர் தேதி",
        "help": "உதவி",
        "trackOrder": "பாதையில் பொருட்டு",
        "activeOrder": "செயலில் வரிசை",
        "view": "பார்வை",
        "chat": "அரட்டை",
        "orderDetails": "ஆணை விவரங்கள்",
        "cancel": "ரத்துசெய்",
        "support": "ஆதரவு",
        "orderTotal": "மொத்தம் ஆர்டர்",
        "orderPlaced": "ஆர்டர் வைக்கப்பட்டுள்ளது",
        "orederAccepted": "ஆர்டர் ஏற்றுக்கொள்ளப்பட்டது",
        "processing": "செயலாக்கம்",
        "ready": "தயார்",
        "dispatched": "அனுப்பப்பட்டது",
        "contactSeller": "விற்பனையாளரை தொடர்புகொள்ளுங்கள்",
        "viewOrderSummary": "ஆர்டர் சுருக்கத்தைக் காண்க",
        "addInstructions": "வழிமுறைகளைச் சேர்க்கவும்",
        "myAccount": "என் கணக்கு",
        "favorite": "பிடித்த",
        "settings": "அமைப்புகள்",
        "myAddress": "என் முகவரி",
        "myFamily": "என் குடும்பம்",
        "refer": "குறிப்பு",
        "individual": "தனிப்பட்ட",
        "busness": "வணிக",
        "postOrder": "இடுகை ஆர்டர்",
        "logout": "வெளியேறு",
        "contactNumber": "தொடர்பு எண்",
        "relation": "உறவு",
        "getOtp": "OTP ஐப் பெறுங்கள்",
        "enterOtp": "OTP ஐ உள்ளிடவும்",
        "mail": "அஞ்சல்",
        "facebook": "முகநூல்",
        "email": "மின்னஞ்சல்",
        "contact": "தொடர்பு",
        "update": "புதுப்பிப்பு",
        "items": "பொருட்களை",
        "shops": "கடைகள்",
        "allowLocation": "இருப்பிடத்தை அனுமதிக்கவும்",
        "allowNotification": "அறிவிப்பை அனுமதிக்கவும்",
        "homeWork": "வீட்டு பாடம்",
        "addNewAddress": "புதிய முகவரியைச் சேர்க்கவும்",
        "landMark": "நில அடையாளம்",
        "saveAndProceed": "சேமித்து தொடரவும்",
        "termsAndConditions": "விதிமுறைகள் மற்றும் நிபந்தனைகள்",
        "faqs": "கேள்விகள்",
        "privacyPolicy": "தனியுரிமைக் கொள்கை",
        "contactUs": "எங்களை தொடர்பு கொள்ள",
        "customerCare": "வாடிக்கையாளர் சேவை",
        "customerCareNumber": "வாடிக்கையாளர் பராமரிப்பு எண்",
        "yes": "ஆம்",
        "no": "இல்லை",
        "validateAgain": "மீண்டும் சரிபார்க்கவும்",
        "employee": "பணியாளர்",
        "onboard": "உள்",
        "selfOnBoard": "சுய உள்",
        "onboardByBuisness": "வணிகத்தால் உள்",
        "retailer": "சில்லறை விற்பனையாளர்",
        "middleMan": "இடைத்தரகர்",
        "former": "உழவர்",
        "phoneNumber": "தொலைபேசி எண்",
        "houseNo": "வீடு இல்லை",
        "building": "கட்டிடம்",
        "street": "தெரு",
        "landmark": "மைல்கல்",
        "state": "நிலை",
        "city": "நகரம்",
        "pincode": "அஞ்சல் குறியீடு",
        "location": "இடம்",
        "submit": "சமர்ப்பிக்கவும்",
        "editAddress": "முகவரியைத் திருத்து",
        "addMember": "உறுப்பினரைச் சேர்க்கவும்",
        "deliveryWithin": "உள்ளே டெலிவரி",
        "notification": "அறிவிப்பு",
        "voice": "குரல்",
        "fruitsShop": "பழங்கள் கடை",
        "delivering": "வழங்குதல்",
        "notDelivering": "வழங்கவில்லை",
        "sellerProfile": "விற்பனையாளர் சுயவிவரம்",
        "fabulous": "அற்புதமான",
        "customerRated": "வாடிக்கையாளர் மதிப்பிடப்பட்டது",
        "searchLocation": "இடம் தேடல்",
        "shopByCategories": "வகைகளால் கடை",
        "next": "அடுத்தது",
        "shopInfo": "கடை தகவல்",
        "vegatables": "காய்கறிகள்",
        "localGarden": "உள்ளூர் தோட்டம்",
        "confirm": "உறுதிப்படுத்தவும்",
        "cancelOrder": "ஆர்டரை ரத்துசெய்",
        "reffer": "குறிப்பு",
        "business": "வணிக",
        "pastOrders": "கடந்த ஆர்டர்கள்",
        "viewMoreOrders": "மேலும் ஆர்டர்களைக் காண்க",
        "logOut": "வெளியேறு",
        "add": "கூட்டு",
        "verify": "சரிபார்க்கவும்",
        "refferBy": "குறிப்பிடவும்",
        "whatsapp": "பகிரி",
        "message": "செய்தி",
        "editProfile": "சுயவிவரத்தைத் திருத்து",
        "favoruites": "பிடித்தவை",
        "savedAddress": "சேமித்த முகவரி",
        "privacyPolicies": "தனியுரிமைக் கொள்கைகள்",
        "byClicking": "கிளிக் செய்வதன் மூலம்",
        "iAccept": "நான் ஏற்றுக்கொள்கிறேன்",
        "theTerms": "கட்டளைகள்",
        "conditionsAnd": "நிபந்தனைகள் மற்றும்",
        "priavacyPolicy": "தனியுரிமைக் கொள்கை.",
        "didn'tReceive": "பெறவில்லை",
        "verifyVia": "வழியாக சரிபார்க்கவும்",
        "pickupWithin": "உள்ளே இடும்",
        "addDebit": "டெபிட் சேர்க்கவும்",
        "creditCard": "கடன் அட்டை",
        "yourOrder": "உங்கள் ஆர்டர்",
        "willBe": "இருக்கும்",
        "deliver": "வழங்கவும்",
        "pickupNoShow": "பிக்கப் இல்லை ஷோ",
        "house": "வீடு",
        "flat": "தட்டையானது",
        "block": "தொகுதி",
        "blockNumber": "தொகுதி எண்",
        "appartment": "அடுக்குமாடி இல்லங்கள்",
        "road": "சாலை",
        "area": "பகுதி",
        "saveThis": "இதைச் சேமிக்கவும்",
        "addressAs": "முகவரி என",
        "areYou": "நீங்கள்",
        "sureYou": "நிச்சயமாக நீங்கள்",
        "wantTo": "வேண்டும்",
        "smsSent": "எஸ்எம்எஸ் அனுப்பப்பட்டது",
        "successfullty": "வெற்றிகரமாக",
        "anOtp": "ஒரு OTP",
        "hasBeen": "உள்ளது",
        "sentAt": "அனுப்பப்பட்டது",
        "yourRegistered": "நீங்கள் பதிவுசெய்தது",
        "otpRetry": "OTP மீண்டும் முயற்சிக்கவும்",
        "in00.30Secs": "00.30 வினாடிகளில்",
        "": "#VALUE!",
        "welcome": "வரவேற்பு",
        "toSarvmai": "to sarvm.ai",
        "enterMobileNumber": "மொபைல் எண்ணை உள்ளிடவும்",
        "verificationCode": "சரிபார்ப்பு குறியீடு",
        "resendOtp": "OTP ஐ மீண்டும் அனுப்பவும்",
        "shopAddress": "கடை முகவரி",
        "searchYourAddress": "உங்கள் முகவரியைத் தேடுங்கள்",
        "enterDetails": "விவரங்களை உள்ளிடவும்",
        "businessName": "வணிகத்தின் பெயர்",
        "shopNo": "கடை எண்.",
        "building/Locality": "கட்டிடம்/இடம்",
        "saveAndContinue": "சேமித்து தொடரவும்",
        "specifyWorkingTime": "வேலை நேரத்தைக் குறிப்பிடவும்",
        "sameForEveryDay": "ஒவ்வொரு நாளும் அதே",
        "skip": "தவிர்க்கவும்",
        "save&Continue": "சேமித்து தொடரவும்",
        "startTime": "ஆரம்பிக்கும் நேரம்",
        "endTime": "இறுதி நேரம்",
        "done": "முடிந்தது",
        "Kyc": "KYC",
        "father'sName": "தந்தையின் பெயர்",
        "dob": "Dob",
        "uploadProofIdentity": "ஆதார அடையாளத்தை பதிவேற்றவும்",
        "adharCard": "அதார் அட்டை",
        "idCardNo.": "அடையாள அட்டை எண்",
        "uploadPanCard": "பான் கார்டைப் பதிவேற்றவும்",
        "panCardNo": "பான் கார்டு எண்.",
        "uploadFileForm": "இருந்து கோப்பைப் பதிவேற்றவும்",
        "bankDetails": "வங்கி விவரங்கள்",
        "BeneficiaryName": "நலன்பெறுநர் பெயர்",
        "bankName": "வங்கி பெயர்",
        "accountNo": "கணக்கு எண்.",
        "ifsc": "Ifsc",
        "uploadPassbookPhoto": "பாஸ்புக் புகைப்படத்தை பதிவேற்றவும்",
        "pendingOrders": "நிலுவையில் உள்ள ஆர்டர்கள்",
        "details": "விவரங்கள்",
        "inventory": "சரக்கு",
        "management": "மேலாண்மை",
        "order": "ஒழுங்கு",
        "expenses": "செலவுகள்",
        "crm": "சி.ஆர்.எம்",
        "customer": "வாடிக்கையாளர்",
        "service": "சேவை",
        "b2bBuy": "பி 2 பி வாங்க",
        "promote": "ஊக்குவிக்க",
        "user": "பயனர்",
        "P&L": "பி & எல்",
        "subscription": "சந்தா",
        "catalog": "அட்டவணை",
        "usermanagement": "பயனர் மேலாண்மை",
        "search": "தேடுங்கள்",
        "addUser": "பயனரைச் சேர்க்கவும்",
        "reset": "மீட்டமைக்கவும்",
        "personal": "தனிப்பட்ட",
        "identity": "அடையாளம்",
        "emergencyContact": "அவசர தொடர்பு",
        "employeeId": "பணியாளர் ஐடி",
        "fullName": "முழு பெயர்",
        "assignRoles": "பாத்திரங்களை ஒதுக்கவும்",
        "emailAddress*": "மின்னஞ்சல்",
        "mobileNumber*": "கைபேசி எண் *",
        "education": "கல்வி",
        "AddressLine": "முகவரி வரி",
        "userManagement": "பயனர் மேலாண்மை",
        "roles": "பாத்திரங்கள்",
        "dateOfJoining*": "சேரும் தேதி *",
        "uploadAdhaarCard": "ஆதார் அட்டையைப் பதிவேற்றவும்",
        "clear": "தெளிவான",
        "profilePhoto": "சுயவிவர புகைப்படம்",
        "basicSalaryPerMonth": "மாதத்திற்கு அடிப்படை சம்பளம்",
        "previous": "முந்தைய",
        "EmergencyContactNumber*": "அவசர தொடர்பு எண் *",
        "contactName*": "தொடர்பு பெயர் *",
        "relationship": "உறவு",
        "userCreatedSuccessfully": "பயனர் வெற்றிகரமாக உருவாக்கப்பட்டது",
        "yay!": "ஆம்!",
        "doj": "சேரும் தேதி",
        "inventoryManager,..": "சரக்கு மேலாளர், ...",
        "empId": "எம்ப் ஐடி",
        "activate": "செயல்படுத்த",
        "deactivate": "செயலிழக்கச் செய்யுங்கள்",
        "phone": "தொலைபேசி",
        "deletedSuccessfully!": "வெற்றிகரமாக நீக்கப்பட்டது!",
        "voterId": "வாக்காளர் ஐடி",
        "drivingLicense": "ஓட்டுனர் உரிமம்",
        "updateChanges": "மாற்றங்களை புதுப்பிக்கவும்",
        "deactiveToDelete": "நீக்க செயலிழக்க",
        "groceries": "மளிகை",
        "fishes": "மீன்கள்",
        "meat": "இறைச்சி",
        "dairy": "பால்",
        "tropicalFruits": "வெப்பமண்டல பழங்கள்",
        "drupe": "Drupe",
        "pome": "Pome",
        "berry": "பெர்ரி",
        "others": "மற்றவைகள்",
        "bakery": "பேக்கரி",
        "flowers": "மலர்கள்",
        "nuts": "கொட்டைகள்",
        "legume": "பருப்பு",
        "capsules": "காப்ஸ்யூல்கள்",
        "updateExisting": "புதுப்பிப்பு உள்ளது",
        "showAll": "அனைத்தையும் காட்டு",
        "to": "to",
        "tropical": "வெப்பமண்டல",
        "dragonFruit": "டிராகன் பழம்",
        "select": "தேர்ந்தெடுக்கவும்",
        "fruit": "பழம்",
        "passionFruit": "பேஷன் பழம்",
        "rambutan": "ரம்புட்டான்",
        "acail": "அகாய்",
        "jackFruit": "ஜாக் பழம்",
        "mangosteen": "மங்கோஸ்டீன்",
        "lychee": "லிச்சி",
        "productDetails": "தயாரிப்பு விவரங்கள்",
        "general": "பொது",
        "sellingOption": "விற்பனை விருப்பம்",
        "returnOption": "திரும்ப விருப்பம்",
        "soldBy": "விற்றவர்",
        "kilogram": "கிலோகிராம்",
        "liter": "லிட்டர்",
        "placeOfOrigin": "தோற்றம் இடம்",
        "AboutProduct": "தயாரிப்பு பற்றி",
        "grading": "தரப்படுத்தல்",
        "quantity": "அளவு",
        "returnWithin": "உள்ளே திரும்பவும்",
        "noReturn": "திரும்ப தரப்படாது",
        "sameDay": "அதே நாள்",
        "nextDay": "மறுநாள்",
        "costPrice": "செலவு விலை",
        "Hrs": "மணி",
        "sku": "ஸ்கூ",
        "maxQtyPerOrder": "அதிகபட்சம். ஒரு ஆர்டருக்கு qty",
        "stockStatus": "பங்கு நிலை",
        "regularPrice": "வழக்கமான விலை",
        "inStock": "கையிருப்பில்",
        "outOfStock": "பங்கு இல்லை",
        "discountPrice": "தள்ளுபடி விலை",
        "days": "நாட்களில்",
        "hours": "மணி",
        "saveProduct": "தயாரிப்பைச் சேமிக்கவும்",
        "productAddedSuccessfully": "தயாரிப்பு வெற்றிகரமாக சேர்க்கப்பட்டது",
        "addPhoto": "புகைப்படம் சேர்க்க",
        "productListedSuccessfully": "தயாரிப்பு வெற்றிகரமாக பட்டியலிடப்பட்டுள்ளது",
        "pendingDetails": "விவரங்கள் நிலுவையில் உள்ளன",
        "listed": "பட்டியலிடப்பட்டுள்ளது",
        "unlisted": "பட்டியலிடப்படாதது",
        "tropicalFruit(7)": "வெப்பமண்டல பழம் (7)",
        "viewALl": "அனைத்தையும் காட்டு",
        "addDetail": "விவரங்களைச் சேர்க்கவும்",
        "unlist": "பட்டியலிடப்படாதது",
        "drupeFruit(10)": "Drupe பழம் (10)",
        "aboutProduct": "தயாரிப்பு பற்றி",
        "costprice": "செலவு விலை",
        "mini.PricePerOrder": "மினி. விலை",
        "customerPickup": "வாடிக்கையாளர் இடும்",
        "ownDelivery": "சொந்த டெலிவரி",
        "thirdParty": "மூன்றாம் தரப்பு",
        "processignTime": "செயலாக்க நேரம்",
        "Mins": "நிமிடங்கள்",
        "pickupSlots": "இடும் இடங்கள்",
        "delete": "அழி",
        "save": "சேமிக்கவும்",
        "deliverySlots": "விநியோக இடங்கள்",
        "deliveryOptions": "விநியோக விருப்பங்கள்",
        "distanceCovers": "தூர கவர்கள்",
        "Km": "கி.மீ.",
        "deliveryCharge": "விநியோக கட்டணம்",
        "onOrdersMore": "மேலும் ஆர்டர்களில்",
        "than": "விட",
        "enableFreeShipping": "இலவச கப்பலை இயக்கவும்",
        "capacity": "திறன்",
        "deliveryPartner": "விநியோக கூட்டாளர்",
        "finalThoughts": "இறுதி எண்ணங்கள்",
        "enterMobile": "மொபைல் எண்ணை உள்ளிடவும்",
        "numberFor": "எண்",
        "otpVerification": "OTP சரிபார்ப்பு",
        "terms&Conditions": "விதிமுறைகளும் நிபந்தனைகளும்",
        "andPrivacyPolicy": "மற்றும் தனியுரிமைக் கொள்கை",
        "pleaseEnterThe": "தயவுசெய்து உள்ளிடவும்",
        "sentFor": "அனுப்பப்பட்டது",
        "theOtp": "OTP",
        "yourShop": "உங்கள் கடை",
        "workingHours": "வேலை நேரம்",
        "nameAsPer": "ஒன்றுக்கு பெயர்",
        "PanCard": "பான் அட்டை",
        "re-enter": "மீண்டும் உள்ளிடவும்",
        "accountNo.": "கணக்கு எண்.",
        "areYouSure": "நீ சொல்வது உறுதியா.",
        "doYouWant": "உங்களுக்கு வேண்டுமா?",
        "toDelete?": "நீக்க?",
        "youCannotDelete": "நீங்கள் நீக்க முடியாது",
        "activeUser!": "செயலில் உள்ள பயனர்!",
        "selectCategory": "பிரிவை தேர்வு செய்க",
        "toAddProduct": "தயாரிப்பு சேர்க்க",
        "mini.qty": "மினி. qty",
        "perOrder": "ஒரு ஆர்டருக்கு",
        "yourUnsaved": "உங்கள் சேமிக்கப்படாதது",
        "detailsWill": "விவரங்கள்",
        "beLost": "தொலைந்து போ.",
        "saveChanges": "மாற்றங்களை சேமியுங்கள்",
        "beforeClosing": "மூடுவதற்கு முன்",
        "wouldYouLike": "நீங்கள் விரும்புகிறீர்களா?",
        "toMoveTo": "செல்ல",
        "listedItem": "பட்டியலிடப்பட்ட உருப்படி",
        "max.qty": "அதிகபட்சம். qty",
        "rambutanIs": "ரம்புட்டான்",
        "movedTo": "நகர்த்தப்பட்டது",
        "BPLID": "பிபிஎல் ஐடி",
        "pickupAnd": "இடும் மற்றும்",
        "imSelling": "நான் விற்கிறேன்",
        "searchBy": "தேடுங்கள்",
        "fruitsCategory": "பழங்கள் வகை",
        "selectFruits": "பழங்களைத் தேர்ந்தெடுக்கவும்",
        "drupeFruit": "Drupe பழம்",
        "pomeFruit": "POME பழம்",
        "saveContinue": "சேமித்து தொடரவும்",
        "miniQty": "Mini.qty",
        "maxQty": "அதிகபட்ச QTY",
        "miniPrice": "மினி விலை",
        "producAdded": "தயாரிப்பு சேர்க்கப்பட்டது",
        "successfullyYay": "வெற்றிகரமாக ஆம்",
        "wouldYou": "நீங்கள்",
        "likeTo": "போன்றது",
        "moveTo": "செல்லுங்கள்",
        "ListedItem": "பட்டியலிடப்பட்ட உருப்படி",
        "areYouDelivering": "நீங்கள் வழங்குகிறீர்களா?",
        "procesingTime": "செயலாக்க நேரம்",
        "onOrder": "வரிசையில்",
        "enableFree": "இலவசமாக இயக்கவும்",
        "shipping": "கப்பல்",
        "availOur": "எங்கள் கிடைக்கும்",
        "deliveryService": "விநியோக சேவை",
        "DelieveryPartner": "விநியோக கூட்டாளர்",
        "ChooseYourLanguage": "உங்கள் மொழியைத் தேர்வுசெய்க",
        "SearchLanguage": "தேடல் மொழி",
        "EntermobilenumberforOTP verification": "OTP சரிபார்ப்புக்கு மொபைல் எண்ணை உள்ளிடவும்",
        "Pleaseentetheverificationcodesentfor": "அனுப்பப்பட்ட சரிபார்ப்பு குறியீட்டை உள்ளிடவும்",
        "Selectyourlanguagehere": "உங்கள் மொழியை இங்கே தேர்ந்தெடுக்கவும்",
        "Addressdetail": "முகவரி விவரம்",
        "PanProof": "பான் ஆதாரம்",
        "FixedRetailershop": "நிலையான சில்லறை விற்பனையாளர் கடை",
        "MobileRetailershop": "மொபைல் சில்லறை விற்பனையாளர் கடை",
        "Iown": "நான் சொந்தமாக",
        "Membershipplan": "உறுப்பினர் திட்டம்",
        "PerMonth": "மாதத்திற்கு",
        "Basic": "அடிப்படை",
        "Onlineshopspace": "ஆன்லைன் கடை இடம்",
        "Sell/purchase": "விற்க/வாங்க",
        "Creditmanagement": "கடன் மேலாண்மை",
        "Owndelivery": "சொந்த டெலிவரி",
        "Onlinepayment": "ஆன்லைன் கட்டணம்",
        "Catalougepayment": "கட்டலூஜ் கட்டணம்",
        "PerOrderManagement": "ஒரு ஆர்டர் மேலாண்மை",
        "Managecustomers": "வாடிக்கையாளர்களை நிர்வகிக்கவும்",
        "BuyNow": "இப்போது வாங்க",
        "Skip": "தவிர்க்கவும்",
        "Close": "நெருக்கமான",
        "Open": "திறந்த",
        "ReferandEarn": "பார்க்க மற்றும் சம்பாதிக்கவும்",
        "Shoppicture": "கடை படம்",
        "Edit": "தொகு",
        "Mywallet": "என் பணப்பை",
        "MyRewards": "என் வெகுமதிகள்",
        "Invitepeoplefromyournetworkandlearncashrewards": "உங்கள் நெட்வொர்க்கிலிருந்து மக்களை அழைக்கவும், பண வெகுமதிகளைக் கற்றுக்கொள்ளவும்",
        "Getcashrewardsupto": "பண வெகுமதிகளைப் பெறுங்கள்",
        "Invite": "அழைக்கவும்",
        "ReferralStatus": "பரிந்துரை நிலை",
        "TotalReferal": "மொத்த குறிப்பு",
        "Acknowledge": "ஒப்புக்கொள்",
        "Signup": "பதிவுபெறுதல்",
        "Order": "ஒழுங்கு",
        "ProfileComplete": "சுயவிவரம் முடிந்தது",
        "Referred": "குறிப்பிடப்படுகிறது",
        "invite": "அழைக்கவும்",
        "Indiidual": "கற்பனையான",
        "Deliveryvalet": "டெலிவரி வாலட்",
        "Wholeseller": "மொத்த விற்பனையாளர்",
        "Farmer": "உழவர்",
        "Trader/Broker": "வர்த்தகர்/தரகர்",
        "Deliverypartner": "விநியோக கூட்டாளர்",
        "InviteeMobileNumber": "மொபைல் எண்ணை அழைக்கவும்",
        "ReferralSMSsendsucessfully": "பரிந்துரை எஸ்எம்எஸ் வெற்றிகரமாக அனுப்புகிறது",
        "RequestingReferretoGiveaMissCallon": "ஒரு மிஸ் அழைப்பைக் கொடுக்குமாறு கோருகிறது",
        "TotalRewardsEarn": "மொத்த வெகுமதிகள் சம்பாதிக்கின்றன",
        "MyReferrals": "எனது பரிந்துரைகள்",
        "IncreaseEarningBy": "மூலம் சம்பாதிப்பதை அதிகரிக்கவும்",
        "IncreaseReferralEarningonEachsucessfuinvite": "ஒவ்வொரு வெற்றிகரமான அழைப்பிலும் பரிந்துரை சம்பாதித்தல் அதிகரிக்கவும்",
        "Youcanwin": "நீங்கள் வெல்ல முடியும்",
        "YouWon": "நீ வென்றாய்",
        "ByReferring": "குறிப்பிடுவதன் மூலம்",
        "Completed": "நிறைவு",
        "Incompleted": "முழுமையற்ற",
        "Referralstatus": "பரிந்துரை நிலை",
        "Orderd": "ஆர்டர்",
        "First order": "முதல் ஆணை",
        "ProfileCompleted": "சுயவிவரம் முடிந்தது",
        "Reminder": "நினைவூட்டல்"
    }
}