{
    "System": {
        "item": "అంశం",
        "product": "ఉత్పత్తి",
        "price": "ధర",
        "cost": "ధర",
        "name": "పేరు",
        "fruis": "పండ్లు",
        "address": "చిరునామా",
        "error": "లోపం",
        "selectYourLanguage": "మీ భాషను ఎంచుకోండి",
        "selectYourPreference": "మీ ప్రాధాన్యతను ఎంచుకోండి",
        "vegetarian": "శాఖాహారం",
        "nonVegetarian": "కూరగాయలు",
        "getStarted": "ప్రారంభించడానికి",
        "selectYourCity": "మీ నగరాన్ని ఎంచుకోండి",
        "procced": "కొనసాగండి",
        "filters": "ఫిల్టర్లు",
        "sortBy": "ఆమరిక",
        "veg": "శాఖాహారం",
        "ratings4+": "రేటింగ్స్ 4+",
        "nearYou": "నీ దగ్గర",
        "mobileNumber": "మొబైల్ సంఖ్య",
        "otp": "Otp",
        "continue": "కొనసాగించండి",
        "call": "కాల్",
        "sms": "SMS",
        "whatsApp": "వాట్సాప్",
        "orderAgain": "మళ్ళీ ఆర్డర్ చేయండి",
        "currentLocation": "ప్రస్తుత స్తలం",
        "usingGps": "GPS ఉపయోగించడం",
        "frequentlyUsed": "తరచుగా కొన్నారు",
        "other": "ఇతర",
        "work": "పని",
        "home": "హోమ్",
        "recentSearch": "ఇటీవలి శోధన",
        "selectLocation": "స్థానాన్ని ఎంచుకోండి",
        "change": "మార్పు",
        "confirmLocation": "స్థానాన్ని నిర్ధారించండి",
        "distanceLessThan": "కంటే తక్కువ దూరం",
        "km": "Km",
        "moreThan": "మించి",
        "all": "అన్నీ",
        "delivery": "డెలివరీ",
        "pickUp": "తీసుకోవడం",
        "previousOrder": "మునుపటి ఆర్డర్",
        "recommended": "సిఫార్సు చేయబడింది",
        "aboutSeller": "విక్రేత గురించి",
        "sellingItems": "వస్తువులను అమ్మడం",
        "menu": "మెను",
        "addToFavorites": "ఇష్టమైన వాటికి జోడించండి",
        "share": "వాటా",
        "shopInformation": "షాప్ సమాచారం",
        "more": "మరింత",
        "fruits": "పండ్లు",
        "vegetables": "కూరగాయలు",
        "today": "ఈ రోజు",
        "tomorrow": "రేపు",
        "addQuantity": "పరిమాణాన్ని జోడించండి",
        "pieces": "ముక్కలు",
        "numberOfpieces": "ముక్కల సంఖ్య",
        "amount": "మొత్తం",
        "viewCart": "కార్ట్ చూడండి",
        "orderSummary": "కొనుగోలు వివరణ",
        "detailedBill": "వివరణాత్మక బిల్లు",
        "cartTotal": "బండి మొత్తం",
        "discount": "డిస్కౌంట్",
        "total": "మొత్తం",
        "selfPickup": "స్వీయ పికప్",
        "totalPayable": "మొత్తం చెల్లించాలి",
        "payAtPickup": "పికప్ వద్ద చెల్లించండి",
        "savedDetails": "సేవ్ చేసిన వివరాలు",
        "debitAtmCard": "డెబిట్/ఎటిఎమ్ కార్డు",
        "netBanking": "నెట్ బ్యాంకింగ్",
        "addDebitCreditCard": "డెబిట్/క్రెడిట్ కార్డును జోడించండి",
        "walletsUpi": "వాలెట్లు & యుపిఐ",
        "phonepe": "ఫోన్‌పే",
        "paytm": "Paytm",
        "otherUpi": "ఇతర",
        "paySecurely": "సురక్షితంగా చెల్లించండి",
        "deliverAt": "వద్ద బట్వాడా",
        "noContact": "పరిచయం లేదు",
        "scheduledDelivery": "షెడ్యూల్ డెలివరీ",
        "am": "am",
        "pm": "PM",
        "hour": "గంట",
        "freeDelivery": "ఉచిత డెలివరీ",
        "enterCvv": "CVV ని నమోదు చేయండి",
        "cardNumber": "కార్డ్ సంఖ్య",
        "expiry": "గడువు",
        "nameOnCard": "కర్డుపై పేరు.",
        "saveCardDetails": "కార్డు వివరాలను సేవ్ చేయండి",
        "icici": "ఐసిసి",
        "sbi": "sbi",
        "hdfc": "HDFC",
        "moreBanks": "మరిన్ని బ్యాంకులు",
        "orderConfirmed": "ఆర్డర్ ధృవీకరించబడింది",
        "orderNumber": "ఆర్డర్ సంఖ్య",
        "payment": "చెల్లింపు",
        "dateOfOrder": "ఆర్డర్ తేదీ",
        "help": "సహాయం",
        "trackOrder": "ట్రాక్ ఆర్డర్",
        "activeOrder": "యాక్టివ్ ఆర్డర్",
        "view": "చూడండి",
        "chat": "చాట్",
        "orderDetails": "ఆర్డర్ వివరాలు",
        "cancel": "రద్దు చేయండి",
        "support": "మద్దతు",
        "orderTotal": "ఆర్డర్ మొత్తం",
        "orderPlaced": "ఆర్డర్ ఉంచారు",
        "orederAccepted": "ఆర్డర్ అంగీకరించబడింది",
        "processing": "ప్రాసెసింగ్",
        "ready": "సిద్ధంగా ఉంది",
        "dispatched": "పంపబడింది",
        "contactSeller": "విక్రేతను సంప్రదించండి",
        "viewOrderSummary": "ఆర్డర్ సారాంశాన్ని చూడండి",
        "addInstructions": "సూచనలను జోడించండి",
        "myAccount": "నా ఖాతా",
        "favorite": "ఇష్టమైన",
        "settings": "సెట్టింగులు",
        "myAddress": "నా చిరునామా",
        "myFamily": "నా కుటుంబం",
        "refer": "చూడండి",
        "individual": "వ్యక్తిగత",
        "busness": "వ్యాపారం",
        "postOrder": "పోస్ట్ ఆర్డర్",
        "logout": "లాగ్అవుట్",
        "contactNumber": "సంప్రదింపు సంఖ్య",
        "relation": "సంబంధం",
        "getOtp": "OTP పొందండి",
        "enterOtp": "OTP ని నమోదు చేయండి",
        "mail": "మెయిల్",
        "facebook": "ఫేస్బుక్",
        "email": "ఇమెయిల్",
        "contact": "సంప్రదించండి",
        "update": "నవీకరణ",
        "items": "అంశాలు",
        "shops": "దుకాణాలు",
        "allowLocation": "స్థానాన్ని అనుమతించండి",
        "allowNotification": "నోటిఫికేషన్‌ను అనుమతించండి",
        "homeWork": "ఇంటి పని",
        "addNewAddress": "క్రొత్త చిరునామాను జోడించండి",
        "landMark": "ల్యాండ్ మార్క్",
        "saveAndProceed": "సేవ్ చేయండి మరియు కొనసాగండి",
        "termsAndConditions": "నిబంధనలు మరియు షరతులు",
        "faqs": "తరచుగా అడిగే ప్రశ్నలు",
        "privacyPolicy": "గోప్యతా విధానం",
        "contactUs": "మమ్మల్ని సంప్రదించండి",
        "customerCare": "వినియోగదారుల సహాయ కేంద్రం",
        "customerCareNumber": "కస్టమర్ కేర్ నంబర్",
        "yes": "అవును",
        "no": "లేదు",
        "validateAgain": "మళ్ళీ ధృవీకరించండి",
        "employee": "ఉద్యోగి",
        "onboard": "ఆన్‌బోర్డ్",
        "selfOnBoard": "స్వీయ ఆన్‌బోర్డ్",
        "onboardByBuisness": "వ్యాపారం ద్వారా ఆన్‌బోర్డ్",
        "retailer": "చిల్లరవ్యాపారి",
        "middleMan": "మిడిల్మాన్",
        "former": "రైతు",
        "phoneNumber": "ఫోను నంబరు",
        "houseNo": "హౌస్ సంఖ్య",
        "building": "కట్టడం",
        "street": "వీధి",
        "landmark": "మైలురాయి",
        "state": "రాష్ట్రం",
        "city": "నగరం",
        "pincode": "పిన్ కోడ్",
        "location": "స్థానం",
        "submit": "సమర్పించండి",
        "editAddress": "చిరునామాను సవరించండి",
        "addMember": "సభ్యుడిని జోడించండి",
        "deliveryWithin": "లోపల డెలివరీ",
        "notification": "నోటిఫికేషన్",
        "voice": "వాయిస్",
        "fruitsShop": "పండ్ల దుకాణం",
        "delivering": "డెలివరీ",
        "notDelivering": "పంపిణీ చేయడం లేదు",
        "sellerProfile": "విక్రేత ప్రొఫైల్",
        "fabulous": "అద్భుతమైన",
        "customerRated": "కస్టమర్ రేట్",
        "searchLocation": "శోధన స్థానం",
        "shopByCategories": "వర్గాల వారీగా షాపింగ్ చేయండి",
        "next": "తరువాత",
        "shopInfo": "షాప్ సమాచారం",
        "vegatables": "కూరగాయలు",
        "localGarden": "స్థానిక తోట",
        "confirm": "నిర్ధారించండి",
        "cancelOrder": "ఆర్డర్‌ను రద్దు చేయండి",
        "reffer": "చూడండి",
        "business": "వ్యాపారం",
        "pastOrders": "గత ఆదేశాలు",
        "viewMoreOrders": "మరిన్ని ఆర్డర్‌లను చూడండి",
        "logOut": "లాగ్ అవుట్",
        "add": "జోడించు",
        "verify": "ధృవీకరించండి",
        "refferBy": "చూడండి",
        "whatsapp": "వాట్సాప్",
        "message": "సందేశం",
        "editProfile": "ప్రొఫైల్‌ను సవరించండి",
        "favoruites": "ఇష్టమైనవి",
        "savedAddress": "సేవ్ చేసిన చిరునామా",
        "privacyPolicies": "గోప్యతా విధానాలు",
        "byClicking": "క్లిక్ చేయడం ద్వారా",
        "iAccept": "నేను ఒప్పుకుంటున్నా",
        "theTerms": "నిబంధనలు",
        "conditionsAnd": "షరతులు మరియు",
        "priavacyPolicy": "గోప్యతా విధానం.",
        "didn'tReceive": "స్వీకరించలేదు",
        "verifyVia": "ద్వారా ధృవీకరించండి",
        "pickupWithin": "లోపల పికప్",
        "addDebit": "డెబిట్ జోడించండి",
        "creditCard": "క్రెడిట్ కార్డు",
        "yourOrder": "మీ ఆజ్ఞ",
        "willBe": "ఉంటుంది",
        "deliver": "బట్వాడా",
        "pickupNoShow": "పికప్ లేదు ప్రదర్శన లేదు",
        "house": "ఇల్లు",
        "flat": "ఫ్లాట్",
        "block": "బ్లాక్",
        "blockNumber": "బ్లాక్ సంఖ్య",
        "appartment": "అపార్ట్మెంట్",
        "road": "త్రోవ",
        "area": "ప్రాంతం",
        "saveThis": "దీన్ని సేవ్ చేయండి",
        "addressAs": "చిరునామా",
        "areYou": "మీరు",
        "sureYou": "ఖచ్చితంగా మీరు",
        "wantTo": "కావలసిన",
        "smsSent": "SMS పంపబడింది",
        "successfullty": "విజయవంతంగా",
        "anOtp": "ఒక OTP",
        "hasBeen": "ఉంది",
        "sentAt": "వద్ద పంపారు",
        "yourRegistered": "మీ రిజిస్టర్డ్",
        "otpRetry": "OTP తిరిగి",
        "in00.30Secs": "00.30 సెకన్లలో",
        "": "#VALUE!",
        "welcome": "స్వాగతం",
        "toSarvmai": "sarvm.ai కు",
        "enterMobileNumber": "మొబైల్ నంబర్‌ను నమోదు చేయండి",
        "verificationCode": "ధృవీకరణ కోడ్",
        "resendOtp": "OTP ను మళ్ళీ పంపు",
        "shopAddress": "షాప్ చిరునామా",
        "searchYourAddress": "మీ చిరునామాను శోధించండి",
        "enterDetails": "వివరాలను నమోదు చేయండి",
        "businessName": "వ్యాపారం పేరు",
        "shopNo": "షాప్ నం.",
        "building/Locality": "భవనం/ప్రాంతం",
        "saveAndContinue": "సేవ్ చేయండి మరియు కొనసాగించండి",
        "specifyWorkingTime": "పని సమయాన్ని పేర్కొనండి",
        "sameForEveryDay": "ప్రతి రోజు అదే",
        "skip": "దాటవేయి",
        "save&Continue": "సేవ్ & కొనసాగించండి",
        "startTime": "ప్రారంభ సమయం",
        "endTime": "ముగింపు సమయం",
        "done": "పూర్తి",
        "Kyc": "KYC",
        "father'sName": "తండ్రి పేరు",
        "dob": "డాబ్",
        "uploadProofIdentity": "రుజువు గుర్తింపును అప్‌లోడ్ చేయండి",
        "adharCard": "అధార్ కార్డ్",
        "idCardNo.": "ఐడి కార్డ్ నం.",
        "uploadPanCard": "పాన్ కార్డును అప్‌లోడ్ చేయండి",
        "panCardNo": "పాన్ కార్డ్ నం.",
        "uploadFileForm": "నుండి ఫైల్‌ను అప్‌లోడ్ చేయండి",
        "bankDetails": "బ్యాంక్ వివరములు",
        "BeneficiaryName": "లబ్దిదారుని పేరు",
        "bankName": "బ్యాంక్ పేరు",
        "accountNo": "ఖాతా సంఖ్య.",
        "ifsc": "IFSC",
        "uploadPassbookPhoto": "పాస్‌బుక్ ఫోటోను అప్‌లోడ్ చేయండి",
        "pendingOrders": "పెండింగ్ ఆర్డర్లు",
        "details": "వివరాలు",
        "inventory": "జాబితా",
        "management": "నిర్వహణ",
        "order": "ఆర్డర్",
        "expenses": "ఖర్చులు",
        "crm": "Crm",
        "customer": "కస్టమర్",
        "service": "సేవ",
        "b2bBuy": "బి 2 బి కొనుగోలు",
        "promote": "ప్రోత్సహించండి",
        "user": "వినియోగదారు",
        "P&L": "పి & ఎల్",
        "subscription": "చందా",
        "catalog": "జాబితా",
        "usermanagement": "వాడుకరి నిర్వహణ",
        "search": "వెతకండి",
        "addUser": "వినియోగదారుని జోడించండి",
        "reset": "రీసెట్",
        "personal": "వ్యక్తి",
        "identity": "గుర్తింపు",
        "emergencyContact": "అత్యవసర సంప్రదింపు",
        "employeeId": "ఉద్యోగ గుర్తింపు",
        "fullName": "పూర్తి పేరు",
        "assignRoles": "పాత్రలను కేటాయించండి",
        "emailAddress*": "ఇమెయిల్",
        "mobileNumber*": "మొబైల్ సంఖ్య *",
        "education": "చదువు",
        "AddressLine": "చిరునామా లైన్",
        "userManagement": "వాడుకరి నిర్వహణ",
        "roles": "పాత్రలు",
        "dateOfJoining*": "చేరిన తేదీ *",
        "uploadAdhaarCard": "ADHAAR కార్డును అప్‌లోడ్ చేయండి",
        "clear": "క్లియర్",
        "profilePhoto": "ప్రొఫైల్ ఫోటో",
        "basicSalaryPerMonth": "నెలకు ప్రాథమిక జీతం",
        "previous": "మునుపటి",
        "EmergencyContactNumber*": "అత్యవసర సంప్రదింపు సంఖ్య *",
        "contactName*": "సంప్రదింపు పేరు *",
        "relationship": "సంబంధం",
        "userCreatedSuccessfully": "వినియోగదారు విజయవంతంగా సృష్టించారు",
        "yay!": "అవును!",
        "doj": "చేరిన తేదీ",
        "inventoryManager,..": "ఇన్వెంటరీ మేనేజర్, ...",
        "empId": "EMP ID",
        "activate": "సక్రియం చేయండి",
        "deactivate": "నిష్క్రియం",
        "phone": "ఫోన్",
        "deletedSuccessfully!": "విజయవంతంగా తొలగించబడింది!",
        "voterId": "ఓటరు ఐడి",
        "drivingLicense": "వాహనం నడపడానికి చట్టబద్ధమైన అర్హత",
        "updateChanges": "మార్పులను నవీకరించండి",
        "deactiveToDelete": "తొలగించడానికి డయాక్టివ్",
        "groceries": "కిరాణా",
        "fishes": "చేపలు",
        "meat": "మాంసం",
        "dairy": "పాల",
        "tropicalFruits": "ఉష్ణమండల పండ్లు",
        "drupe": "Drupe",
        "pome": "పోమ్",
        "berry": "బెర్రీ",
        "others": "ఇతరులు",
        "bakery": "బేకరీ",
        "flowers": "పువ్వులు",
        "nuts": "గింజలు",
        "legume": "చిక్కుళ్ళు",
        "capsules": "గుళికలు",
        "updateExisting": "ఇప్పటికే ఉన్న నవీకరించండి",
        "showAll": "అన్నీ చూపండి",
        "to": "to",
        "tropical": "ఉష్ణమండల",
        "dragonFruit": "డ్రాగన్ పండు",
        "select": "ఎంచుకోండి",
        "fruit": "పండు",
        "passionFruit": "తపన ఫలం",
        "rambutan": "రాంబుటాన్",
        "acail": "ACAI",
        "jackFruit": "జాక్ ఫ్రూట్",
        "mangosteen": "మాంగోస్టీన్",
        "lychee": "లిచీ",
        "productDetails": "వస్తువు యొక్క వివరాలు",
        "general": "జనరల్",
        "sellingOption": "అమ్మకపు ఎంపిక",
        "returnOption": "రిటర్న్ ఎంపిక",
        "soldBy": "విక్రయించబడింది",
        "kilogram": "కిలోగ్రాము",
        "liter": "లీటరు",
        "placeOfOrigin": "మూల ప్రదేశం",
        "AboutProduct": "ఉత్పత్తి గురించి",
        "grading": "గ్రేడింగ్",
        "quantity": "పరిమాణం",
        "returnWithin": "లోపల తిరిగి",
        "noReturn": "తిరిగి రాదు",
        "sameDay": "అదే రోజు",
        "nextDay": "మరుసటి రోజు",
        "costPrice": "ఖర్చు ధర",
        "Hrs": "Hrs",
        "sku": "స్కు",
        "maxQtyPerOrder": "గరిష్టంగా. QTY ప్రతి ఆర్డర్‌కు",
        "stockStatus": "స్టాక్ స్థితి",
        "regularPrice": "సాధారణ ధర",
        "inStock": "అందుబాటులో ఉంది",
        "outOfStock": "స్టాక్ లేదు",
        "discountPrice": "డిస్కౌంట్ ధర",
        "days": "రోజులు",
        "hours": "గంటలు",
        "saveProduct": "ఉత్పత్తిని సేవ్ చేయండి",
        "productAddedSuccessfully": "ఉత్పత్తి విజయవంతంగా జోడించబడింది",
        "addPhoto": "ఫోటో జోడించండి",
        "productListedSuccessfully": "ఉత్పత్తి విజయవంతంగా జాబితా చేయబడింది",
        "pendingDetails": "పెండింగ్ వివరాలు",
        "listed": "జాబితా చేయబడింది",
        "unlisted": "జాబితా చేయబడలేదు",
        "tropicalFruit(7)": "ఉష్ణమండల పండు (7)",
        "viewALl": "అన్నీ చూడండి",
        "addDetail": "వివరాలు జోడించండి",
        "unlist": "అన్‌లిస్ట్",
        "drupeFruit(10)": "డ్రూప్ ఫ్రూట్ (10)",
        "aboutProduct": "ఉత్పత్తి గురించి",
        "costprice": "ఖర్చు ధర",
        "mini.PricePerOrder": "మినీ. ధర",
        "customerPickup": "కస్టమర్ పికప్",
        "ownDelivery": "సొంత డెలివరీ",
        "thirdParty": "మూడవ పార్టీ",
        "processignTime": "ప్రక్రియ సమయం",
        "Mins": "నిమిషాలు",
        "pickupSlots": "పికప్ స్లాట్లు",
        "delete": "తొలగించు",
        "save": "సేవ్",
        "deliverySlots": "డెలివరీ స్లాట్లు",
        "deliveryOptions": "డెలివరీ ఎంపికలు",
        "distanceCovers": "దూర కవర్లు",
        "Km": "Km",
        "deliveryCharge": "డెలివరీ ఛార్జ్",
        "onOrdersMore": "ఆర్డర్‌లపై మరింత",
        "than": "కంటే",
        "enableFreeShipping": "ఉచిత షిప్పింగ్‌ను ప్రారంభించండి",
        "capacity": "సామర్థ్యం",
        "deliveryPartner": "డెలివరీ భాగస్వామి",
        "finalThoughts": "తుది ఆలోచనలు",
        "enterMobile": "మొబైల్ నంబర్‌ను నమోదు చేయండి",
        "numberFor": "సంఖ్య",
        "otpVerification": "OTP ధృవీకరణ",
        "terms&Conditions": "నిబంధనలు & షరతులు",
        "andPrivacyPolicy": "మరియు గోప్యతా విధానం",
        "pleaseEnterThe": "దయచేసి నమోదు చేయండి",
        "sentFor": "పంపబడింది",
        "theOtp": "OTP",
        "yourShop": "మీ దుకాణం",
        "workingHours": "పని గంటలు",
        "nameAsPer": "ప్రకారం పేరు",
        "PanCard": "పాన్ కార్డ్",
        "re-enter": "రీ-ఎంటర్",
        "accountNo.": "ఖాతా సంఖ్య.",
        "areYouSure": "మీరు చెప్పేది నిజమా.",
        "doYouWant": "మీకు కావాలా",
        "toDelete?": "తొలగించడానికి?",
        "youCannotDelete": "మీరు తొలగించలేరు",
        "activeUser!": "క్రియాశీల వినియోగదారు!",
        "selectCategory": "వర్గం ఎంచుకోండి",
        "toAddProduct": "ఉత్పత్తిని జోడించడానికి",
        "mini.qty": "మినీ. Qty",
        "perOrder": "ప్రతి ఆర్డర్",
        "yourUnsaved": "మీ సేవ్ చేయలేదు",
        "detailsWill": "వివరాలు రెడీ",
        "beLost": "కోల్పోతారు.",
        "saveChanges": "మార్పులను ఊంచు",
        "beforeClosing": "మూసివేసే ముందు",
        "wouldYouLike": "మీరు కావాలనుకుంటున్నారా",
        "toMoveTo": "వెళ్ళడానికి",
        "listedItem": "జాబితా చేయబడిన అంశం",
        "max.qty": "గరిష్టంగా. Qty",
        "rambutanIs": "రాంబుటాన్",
        "movedTo": "తరలించటం జరిగినది",
        "BPLID": "BPL ID",
        "pickupAnd": "పికప్ మరియు",
        "imSelling": "నేను అమ్ముతున్నాను",
        "searchBy": "శోధించండి",
        "fruitsCategory": "పండ్లు వర్గం",
        "selectFruits": "పండ్లను ఎంచుకోండి",
        "drupeFruit": "డ్రూపే ఫ్రూట్",
        "pomeFruit": "పోమ్ పండు",
        "saveContinue": "సేవ్ & కొనసాగించండి",
        "miniQty": "Mini.qty",
        "maxQty": "గరిష్ట QTY",
        "miniPrice": "మినీ ధర",
        "producAdded": "ఉత్పత్తి జోడించబడింది",
        "successfullyYay": "విజయవంతంగా అవును",
        "wouldYou": "మీరు చేస్తారా",
        "likeTo": "ఇష్టం",
        "moveTo": "తరలించడానికి",
        "ListedItem": "జాబితా చేయబడిన అంశం",
        "areYouDelivering": "మీరు బట్వాడా చేస్తున్నారా?",
        "procesingTime": "ప్రక్రియ సమయం",
        "onOrder": "క్రమం మీద",
        "enableFree": "ఉచితంగా ప్రారంభించండి",
        "shipping": "షిప్పింగ్",
        "availOur": "మా పొందండి",
        "deliveryService": "డెలివరీ సేవ",
        "DelieveryPartner": "డెలివరీ భాగస్వామి",
        "ChooseYourLanguage": "మీ భాషను ఎంచుకోండి",
        "SearchLanguage": "శోధన భాష",
        "EntermobilenumberforOTP verification": "OTP ధృవీకరణ కోసం మొబైల్ నంబర్‌ను నమోదు చేయండి",
        "Pleaseentetheverificationcodesentfor": "దయచేసి పంపిన ధృవీకరణ కోడ్‌ను నమోదు చేయండి",
        "Selectyourlanguagehere": "మీ భాషను ఇక్కడ ఎంచుకోండి",
        "Addressdetail": "చిరునామా వివరాలు",
        "PanProof": "పాన్ ప్రూఫ్",
        "FixedRetailershop": "స్థిర రిటైలర్ షాప్",
        "MobileRetailershop": "మొబైల్ రిటైలర్ షాప్",
        "Iown": "నాది",
        "Membershipplan": "సభ్యత్వ ప్రణాళిక",
        "PerMonth": "నెలకు",
        "Basic": "ప్రాథమిక",
        "Onlineshopspace": "ఆన్‌లైన్ షాప్ స్థలం",
        "Sell/purchase": "అమ్మకం/కొనుగోలు",
        "Creditmanagement": "క్రెడిట్ నిర్వహణ",
        "Owndelivery": "సొంత డెలివరీ",
        "Onlinepayment": "ఆన్లైన్ చెల్లింపు",
        "Catalougepayment": "కాటలౌజ్ చెల్లింపు",
        "PerOrderManagement": "ప్రతి ఆర్డర్ నిర్వహణకు",
        "Managecustomers": "కస్టమర్లను నిర్వహించండి",
        "BuyNow": "ఇప్పుడే కొనండి",
        "Skip": "దాటవేయి",
        "Close": "దగ్గరగా",
        "Open": "ఓపెన్",
        "ReferandEarn": "చూడండి మరియు సంపాదించండి",
        "Shoppicture": "షాప్ పిక్చర్",
        "Edit": "సవరణ",
        "Mywallet": "నా పర్సు",
        "MyRewards": "నా బహుమతులు",
        "Invitepeoplefromyournetworkandlearncashrewards": "మీ నెట్‌వర్క్ నుండి వ్యక్తులను ఆహ్వానించండి మరియు నగదు రివార్డులు నేర్చుకోండి",
        "Getcashrewardsupto": "నగదు రివార్డులను పొందండి",
        "Invite": "ఆహ్వానించండి",
        "ReferralStatus": "రెఫరల్ స్థితి",
        "TotalReferal": "మొత్తం సూచన",
        "Acknowledge": "గుర్తించండి",
        "Signup": "చేరడం",
        "Order": "ఆర్డర్",
        "ProfileComplete": "ప్రొఫైల్ పూర్తయింది",
        "Referred": "సూచించబడింది",
        "invite": "ఆహ్వానించండి",
        "Indiidual": "Indiion",
        "Deliveryvalet": "డెలివరీ వాలెట్",
        "Wholeseller": "హోల్‌సెల్లర్",
        "Farmer": "రైతు",
        "Trader/Broker": "వ్యాపారి/బ్రోకర్",
        "Deliverypartner": "డెలివరీ భాగస్వామి",
        "InviteeMobileNumber": "ఆహ్వాన మొబైల్ నంబర్",
        "ReferralSMSsendsucessfully": "రెఫరల్ SMS విజయవంతంగా పంపండి",
        "RequestingReferretoGiveaMissCallon": "మిస్ కాల్ ఇవ్వడానికి రిఫరర్‌ను అభ్యర్థిస్తోంది",
        "TotalRewardsEarn": "మొత్తం రివార్డులు సంపాదిస్తాయి",
        "MyReferrals": "నా రిఫరల్స్",
        "IncreaseEarningBy": "దీని ద్వారా సంపాదన పెరుగుతుంది",
        "IncreaseReferralEarningonEachsucessfuinvite": "ప్రతి విజయవంతమైన ఆహ్వానంలో రిఫెరల్ సంపాదనను పెంచండి",
        "Youcanwin": "మీరు గెలవవచ్చు",
        "YouWon": "నువ్వు గెలిచావు",
        "ByReferring": "సూచించడం ద్వారా",
        "Completed": "పూర్తయింది",
        "Incompleted": "అసంపూర్ణంగా ఉంది",
        "Referralstatus": "రెఫరల్ స్థితి",
        "Orderd": "ఆర్డర్",
        "First order": "మొదటి ఆర్డర్",
        "ProfileCompleted": "ప్రొఫైల్ పూర్తయింది",
        "Reminder": "రిమైండర్"
    }
}